timestamp,open,price,high,low,volume
2026-02-15 10:20:00,0.984,0.984,0.984,0.984,20.0
2026-02-15 10:25:00,,,,,0.0
2026-02-15 10:30:00,0.984,0.984,0.984,0.016,49.42
2026-02-15 10:35:00,,,,,0.0
2026-02-15 10:40:00,,,,,0.0
2026-02-15 10:45:00,0.9831461719105172,0.9849999997778028,0.9849999997778028,0.9831461719105172,61.187799
2026-02-15 10:50:00,,,,,0.0
2026-02-15 10:55:00,,,,,0.0
2026-02-15 11:00:00,0.9849999998503493,0.984999999421265,0.985,0.984999999421265,96.050666
2026-02-15 11:05:00,,,,,0.0
2026-02-15 11:10:00,,,,,0.0
2026-02-15 11:15:00,,,,,0.0
2026-02-15 11:20:00,,,,,0.0
2026-02-15 11:25:00,0.016,0.016,0.016,0.016,159.98
2026-02-15 11:30:00,,,,,0.0
2026-02-15 11:35:00,,,,,0.0
2026-02-15 11:40:00,,,,,0.0
2026-02-15 11:45:00,,,,,0.0
2026-02-15 11:50:00,,,,,0.0
2026-02-15 11:55:00,,,,,0.0
2026-02-15 12:00:00,,,,,0.0
2026-02-15 12:05:00,0.015,0.015,0.015,0.015,50.0
2026-02-15 12:10:00,,,,,0.0
2026-02-15 12:15:00,,,,,0.0
2026-02-15 12:20:00,,,,,0.0
2026-02-15 12:25:00,,,,,0.0
2026-02-15 12:30:00,0.018136,0.019,0.022772,0.018136,35.0
2026-02-15 12:35:00,,,,,0.0
2026-02-15 12:40:00,,,,,0.0
2026-02-15 12:45:00,,,,,0.0
2026-02-15 12:50:00,,,,,0.0
2026-02-15 12:55:00,,,,,0.0
2026-02-15 13:00:00,,,,,0.0
2026-02-15 13:05:00,,,,,0.0
2026-02-15 13:10:00,0.025,0.025,0.025,0.025,5.0
2026-02-15 13:15:00,,,,,0.0
2026-02-15 13:20:00,,,,,0.0
2026-02-15 13:25:00,,,,,0.0
2026-02-15 13:30:00,0.9829999974441703,0.9829999974441703,0.9829999974441703,0.9829999974441703,5.086411
2026-02-15 13:35:00,0.025,0.025,0.025,0.025,4.04
2026-02-15 13:40:00,0.017,0.017,0.017,0.017,4.04
2026-02-15 13:45:00,,,,,0.0
2026-02-15 13:50:00,,,,,0.0
2026-02-15 13:55:00,,,,,0.0
2026-02-15 14:00:00,,,,,0.0
2026-02-15 14:05:00,,,,,0.0
2026-02-15 14:10:00,,,,,0.0
2026-02-15 14:15:00,,,,,0.0
2026-02-15 14:20:00,,,,,0.0
2026-02-15 14:25:00,,,,,0.0
2026-02-15 14:30:00,0.983075,0.983,0.983075,0.9829999994401133,92.360058
2026-02-15 14:35:00,,,,,0.0
2026-02-15 14:40:00,,,,,0.0
2026-02-15 14:45:00,0.985,0.985,0.985,0.985,5.05
2026-02-15 14:50:00,,,,,0.0
2026-02-15 14:55:00,,,,,0.0
2026-02-15 15:00:00,0.015,0.015,0.015,0.015,10.0
2026-02-15 15:05:00,,,,,0.0
2026-02-15 15:10:00,,,,,0.0
2026-02-15 15:15:00,,,,,0.0
2026-02-15 15:20:00,,,,,0.0
2026-02-15 15:25:00,,,,,0.0
2026-02-15 15:30:00,,,,,0.0
2026-02-15 15:35:00,,,,,0.0
2026-02-15 15:40:00,,,,,0.0
2026-02-15 15:45:00,,,,,0.0
2026-02-15 15:50:00,,,,,0.0
2026-02-15 15:55:00,,,,,0.0
2026-02-15 16:00:00,,,,,0.0
2026-02-15 16:05:00,,,,,0.0
2026-02-15 16:10:00,,,,,0.0
2026-02-15 16:15:00,,,,,0.0
2026-02-15 16:20:00,0.020535483870967743,0.020535483870967743,0.020535483870967743,0.020535483870967743,77.5
2026-02-15 16:25:00,,,,,0.0
2026-02-15 16:30:00,,,,,0.0
2026-02-15 16:35:00,,,,,0.0
2026-02-15 16:40:00,0.015256235052955244,0.015256235052955244,0.015256235052955244,0.015256235052955244,117.08
2026-02-15 16:45:00,,,,,0.0
2026-02-15 16:50:00,,,,,0.0
2026-02-15 16:55:00,,,,,0.0
2026-02-15 17:00:00,,,,,0.0
2026-02-15 17:05:00,,,,,0.0
2026-02-15 17:10:00,,,,,0.0
2026-02-15 17:15:00,,,,,0.0
2026-02-15 17:20:00,,,,,0.0
2026-02-15 17:25:00,,,,,0.0
2026-02-15 17:30:00,,,,,0.0
2026-02-15 17:35:00,,,,,0.0
2026-02-15 17:40:00,,,,,0.0
2026-02-15 17:45:00,,,,,0.0
2026-02-15 17:50:00,,,,,0.0
2026-02-15 17:55:00,,,,,0.0
2026-02-15 18:00:00,,,,,0.0
2026-02-15 18:05:00,,,,,0.0
2026-02-15 18:10:00,,,,,0.0
2026-02-15 18:15:00,,,,,0.0
2026-02-15 18:20:00,,,,,0.0
2026-02-15 18:25:00,,,,,0.0
2026-02-15 18:30:00,,,,,0.0
2026-02-15 18:35:00,,,,,0.0
2026-02-15 18:40:00,,,,,0.0
2026-02-15 18:45:00,,,,,0.0
2026-02-15 18:50:00,,,,,0.0
2026-02-15 18:55:00,,,,,0.0
2026-02-15 19:00:00,,,,,0.0
2026-02-15 19:05:00,0.984,0.985,0.985,0.984,26.52
2026-02-15 19:10:00,,,,,0.0
2026-02-15 19:15:00,,,,,0.0
2026-02-15 19:20:00,,,,,0.0
2026-02-15 19:25:00,,,,,0.0
2026-02-15 19:30:00,,,,,0.0
2026-02-15 19:35:00,,,,,0.0
2026-02-15 19:40:00,,,,,0.0
2026-02-15 19:45:00,,,,,0.0
2026-02-15 19:50:00,,,,,0.0
2026-02-15 19:55:00,,,,,0.0
2026-02-15 20:00:00,,,,,0.0
2026-02-15 20:05:00,,,,,0.0
2026-02-15 20:10:00,,,,,0.0
2026-02-15 20:15:00,,,,,0.0
2026-02-15 20:20:00,,,,,0.0
2026-02-15 20:25:00,0.016,0.016,0.016,0.016,5.0
2026-02-15 20:30:00,0.984,0.984,0.984,0.984,5.619875
2026-02-15 20:35:00,,,,,0.0
2026-02-15 20:40:00,,,,,0.0
2026-02-15 20:45:00,,,,,0.0
2026-02-15 20:50:00,,,,,0.0
2026-02-15 20:55:00,,,,,0.0
2026-02-15 21:00:00,,,,,0.0
2026-02-15 21:05:00,,,,,0.0
2026-02-15 21:10:00,,,,,0.0
2026-02-15 21:15:00,,,,,0.0
2026-02-15 21:20:00,0.984,0.984,0.984,0.984,3.0
2026-02-15 21:25:00,,,,,0.0
2026-02-15 21:30:00,0.984,0.984,0.984,0.984,2.0
2026-02-15 21:35:00,0.984,0.984,0.984,0.984,20.1
2026-02-15 21:40:00,,,,,0.0
2026-02-15 21:45:00,,,,,0.0
2026-02-15 21:50:00,,,,,0.0
2026-02-15 21:55:00,0.025,0.025,0.025,0.025,11.0
2026-02-15 22:00:00,,,,,0.0
2026-02-15 22:05:00,0.985,0.984999999600081,0.985,0.9849999938817938,97.62426500000001
2026-02-15 22:10:00,0.02580097409202063,0.02580097409202063,0.02580097409202063,0.02580097409202063,116.274641
2026-02-15 22:15:00,,,,,0.0
2026-02-15 22:20:00,0.984,0.016,0.984,0.016,30.0
2026-02-15 22:25:00,,,,,0.0
2026-02-15 22:30:00,,,,,0.0
2026-02-15 22:35:00,,,,,0.0
2026-02-15 22:40:00,0.015,0.015,0.015,0.015,80.92
2026-02-15 22:45:00,,,,,0.0
2026-02-15 22:50:00,0.984,0.984,0.984,0.984,5.62
2026-02-15 22:55:00,0.015,0.015,0.015,0.015,10.0
2026-02-15 23:00:00,,,,,0.0
2026-02-15 23:05:00,0.985,0.985,0.985,0.985,6.9399999999999995
2026-02-15 23:10:00,,,,,0.0
2026-02-15 23:15:00,0.02731836759592509,0.027810987903225805,0.027810987903225805,0.02731836759592509,322.65
2026-02-15 23:20:00,,,,,0.0
2026-02-15 23:25:00,0.016,0.016,0.016,0.016,5.0
2026-02-15 23:30:00,0.983,0.974,0.984,0.974,94.89999999999999
2026-02-15 23:35:00,,,,,0.0
2026-02-15 23:40:00,0.02782421875,0.02782421875,0.02782421875,0.02782421875,158.72
2026-02-15 23:45:00,,,,,0.0
2026-02-15 23:50:00,0.9829999965594002,0.9829999965594002,0.9829999965594002,0.9829999965594002,2.034529
2026-02-15 23:55:00,,,,,0.0
2026-02-16 00:00:00,,,,,0.0
2026-02-16 00:05:00,,,,,0.0
2026-02-16 00:10:00,,,,,0.0
2026-02-16 00:15:00,,,,,0.0
2026-02-16 00:20:00,0.974,0.974,0.974,0.974,51.0
2026-02-16 00:25:00,,,,,0.0
2026-02-16 00:30:00,,,,,0.0
2026-02-16 00:35:00,,,,,0.0
2026-02-16 00:40:00,0.027,0.027,0.027,0.027,156.25
2026-02-16 00:45:00,,,,,0.0
2026-02-16 00:50:00,,,,,0.0
2026-02-16 00:55:00,,,,,0.0
2026-02-16 01:00:00,,,,,0.0
2026-02-16 01:05:00,0.983,0.983,0.983,0.983,20.0
2026-02-16 01:10:00,0.028,0.028,0.028,0.028,153.85
2026-02-16 01:15:00,,,,,0.0
2026-02-16 01:20:00,,,,,0.0
2026-02-16 01:25:00,,,,,0.0
2026-02-16 01:30:00,,,,,0.0
2026-02-16 01:35:00,0.028,0.028,0.028,0.028,307.7
2026-02-16 01:40:00,0.03,0.03,0.03,0.03,12.0
2026-02-16 01:45:00,,,,,0.0
2026-02-16 01:50:00,0.03,0.97,0.97,0.03,17.0
2026-02-16 01:55:00,,,,,0.0
2026-02-16 02:00:00,0.961,0.961,0.961,0.961,7.65
2026-02-16 02:05:00,0.961,0.039,0.961,0.039,59.0
2026-02-16 02:10:00,,,,,0.0
2026-02-16 02:15:00,0.942,0.942,0.942,0.942,12.0
2026-02-16 02:20:00,,,,,0.0
2026-02-16 02:25:00,0.984,0.961,0.984,0.961,158.026375
2026-02-16 02:30:00,,,,,0.0
2026-02-16 02:35:00,,,,,0.0
2026-02-16 02:40:00,,,,,0.0
2026-02-16 02:45:00,,,,,0.0
2026-02-16 02:50:00,,,,,0.0
2026-02-16 02:55:00,,,,,0.0
2026-02-16 03:00:00,,,,,0.0
2026-02-16 03:05:00,,,,,0.0
2026-02-16 03:10:00,,,,,0.0
2026-02-16 03:15:00,,,,,0.0
2026-02-16 03:20:00,0.9397464543418761,0.01651003060183611,0.9397464543418761,0.01651003060183611,139.2
2026-02-16 03:25:00,,,,,0.0
2026-02-16 03:30:00,,,,,0.0
2026-02-16 03:35:00,0.018,0.982,0.982,0.018,60.0
2026-02-16 03:40:00,,,,,0.0
2026-02-16 03:45:00,,,,,0.0
2026-02-16 03:50:00,,,,,0.0
2026-02-16 03:55:00,,,,,0.0
2026-02-16 04:00:00,,,,,0.0
2026-02-16 04:05:00,,,,,0.0
2026-02-16 04:10:00,,,,,0.0
2026-02-16 04:15:00,,,,,0.0
2026-02-16 04:20:00,,,,,0.0
2026-02-16 04:25:00,,,,,0.0
2026-02-16 04:30:00,,,,,0.0
2026-02-16 04:35:00,0.016,0.016,0.016,0.016,120.48
2026-02-16 04:40:00,,,,,0.0
2026-02-16 04:45:00,,,,,0.0
2026-02-16 04:50:00,,,,,0.0
2026-02-16 04:55:00,,,,,0.0
2026-02-16 05:00:00,0.96,0.016,0.96,0.016,154.26
2026-02-16 05:05:00,,,,,0.0
2026-02-16 05:10:00,0.017,0.017,0.017,0.017,5.0
2026-02-16 05:15:00,0.016,0.016,0.016,0.016,121.95
2026-02-16 05:20:00,,,,,0.0
2026-02-16 05:25:00,,,,,0.0
2026-02-16 05:30:00,0.959,0.959,0.959,0.959,30.0
2026-02-16 05:35:00,0.050232656232656235,0.050232656232656235,0.050232656232656235,0.050232656232656235,90.09
2026-02-16 05:40:00,0.04966699966699967,0.04966699966699967,0.04966699966699967,0.04966699966699967,90.09
2026-02-16 05:45:00,0.952,0.952,0.952,0.952,34.61
2026-02-16 05:50:00,0.018,0.958,0.958,0.018,15.0
2026-02-16 05:55:00,0.9569999020847095,0.957,0.957,0.9569999020847095,11.828212
2026-02-16 06:00:00,0.017,0.017,0.017,0.017,53.1
2026-02-16 06:05:00,,,,,0.0
2026-02-16 06:10:00,,,,,0.0
2026-02-16 06:15:00,,,,,0.0
2026-02-16 06:20:00,,,,,0.0
2026-02-16 06:25:00,,,,,0.0
2026-02-16 06:30:00,,,,,0.0
2026-02-16 06:35:00,,,,,0.0
2026-02-16 06:40:00,,,,,0.0
2026-02-16 06:45:00,,,,,0.0
2026-02-16 06:50:00,,,,,0.0
2026-02-16 06:55:00,,,,,0.0
2026-02-16 07:00:00,,,,,0.0
2026-02-16 07:05:00,,,,,0.0
2026-02-16 07:10:00,,,,,0.0
2026-02-16 07:15:00,,,,,0.0
2026-02-16 07:20:00,,,,,0.0
2026-02-16 07:25:00,0.029407302038880985,0.029407302038880985,0.029407302038880985,0.029407302038880985,126.54
2026-02-16 07:30:00,,,,,0.0
2026-02-16 07:35:00,,,,,0.0
2026-02-16 07:40:00,,,,,0.0
2026-02-16 07:45:00,,,,,0.0
2026-02-16 07:50:00,,,,,0.0
2026-02-16 07:55:00,,,,,0.0
2026-02-16 08:00:00,,,,,0.0
2026-02-16 08:05:00,,,,,0.0
2026-02-16 08:10:00,,,,,0.0
2026-02-16 08:15:00,,,,,0.0
2026-02-16 08:20:00,,,,,0.0
2026-02-16 08:25:00,,,,,0.0
2026-02-16 08:30:00,,,,,0.0
2026-02-16 08:35:00,,,,,0.0
2026-02-16 08:40:00,,,,,0.0
2026-02-16 08:45:00,,,,,0.0
2026-02-16 08:50:00,,,,,0.0
2026-02-16 08:55:00,,,,,0.0
2026-02-16 09:00:00,,,,,0.0
2026-02-16 09:05:00,,,,,0.0
2026-02-16 09:10:00,,,,,0.0
2026-02-16 09:15:00,,,,,0.0
2026-02-16 09:20:00,,,,,0.0
2026-02-16 09:25:00,,,,,0.0
2026-02-16 09:30:00,,,,,0.0
2026-02-16 09:35:00,,,,,0.0
2026-02-16 09:40:00,,,,,0.0
2026-02-16 09:45:00,,,,,0.0
2026-02-16 09:50:00,,,,,0.0
2026-02-16 09:55:00,,,,,0.0
2026-02-16 10:00:00,0.015546740266527305,0.015546740266527305,0.015546740266527305,0.015546740266527305,612.32
2026-02-16 10:05:00,,,,,0.0
2026-02-16 10:10:00,,,,,0.0
2026-02-16 10:15:00,0.964,0.036,0.964,0.036,20.0
2026-02-16 10:20:00,,,,,0.0
2026-02-16 10:25:00,,,,,0.0
2026-02-16 10:30:00,,,,,0.0
2026-02-16 10:35:00,,,,,0.0
2026-02-16 10:40:00,,,,,0.0
2026-02-16 10:45:00,,,,,0.0
2026-02-16 10:50:00,,,,,0.0
2026-02-16 10:55:00,,,,,0.0
2026-02-16 11:00:00,,,,,0.0
2026-02-16 11:05:00,,,,,0.0
2026-02-16 11:10:00,,,,,0.0
2026-02-16 11:15:00,,,,,0.0
2026-02-16 11:20:00,,,,,0.0
2026-02-16 11:25:00,,,,,0.0
2026-02-16 11:30:00,,,,,0.0
2026-02-16 11:35:00,,,,,0.0
2026-02-16 11:40:00,,,,,0.0
2026-02-16 11:45:00,0.016117647058823528,0.016117647058823528,0.016117647058823528,0.016117647058823528,85.0
2026-02-16 11:50:00,,,,,0.0
2026-02-16 11:55:00,,,,,0.0
2026-02-16 12:00:00,,,,,0.0
2026-02-16 12:05:00,,,,,0.0
2026-02-16 12:10:00,,,,,0.0
2026-02-16 12:15:00,,,,,0.0
2026-02-16 12:20:00,,,,,0.0
2026-02-16 12:25:00,,,,,0.0
2026-02-16 12:30:00,,,,,0.0
2026-02-16 12:35:00,,,,,0.0
2026-02-16 12:40:00,,,,,0.0
2026-02-16 12:45:00,,,,,0.0
2026-02-16 12:50:00,0.977,0.977,0.977,0.977,18.91
2026-02-16 12:55:00,,,,,0.0
2026-02-16 13:00:00,,,,,0.0
2026-02-16 13:05:00,0.975,0.975,0.975,0.975,10.0
2026-02-16 13:10:00,,,,,0.0
2026-02-16 13:15:00,,,,,0.0
2026-02-16 13:20:00,,,,,0.0
2026-02-16 13:25:00,,,,,0.0
2026-02-16 13:30:00,,,,,0.0
2026-02-16 13:35:00,,,,,0.0
2026-02-16 13:40:00,,,,,0.0
2026-02-16 13:45:00,0.98,0.98,0.98,0.98,5.0
2026-02-16 13:50:00,,,,,0.0
2026-02-16 13:55:00,0.016,0.962,0.962,0.016,10.059999999999999
2026-02-16 14:00:00,,,,,0.0
2026-02-16 14:05:00,,,,,0.0
2026-02-16 14:10:00,,,,,0.0
2026-02-16 14:15:00,0.9629999975051581,0.041484088717454196,0.9629999975051581,0.041484088717454196,105.70413500000001
2026-02-16 14:20:00,0.02,0.02,0.02,0.02,10.0
2026-02-16 14:25:00,0.02,0.023693916675303336,0.023693916675303336,0.02,104.94833200000001
2026-02-16 14:30:00,,,,,0.0
2026-02-16 14:35:00,,,,,0.0
2026-02-16 14:40:00,0.017,0.9523333333333334,0.9523333333333334,0.017,40.0
2026-02-16 14:45:00,,,,,0.0
2026-02-16 14:50:00,,,,,0.0
2026-02-16 14:55:00,,,,,0.0
2026-02-16 15:00:00,,,,,0.0
2026-02-16 15:05:00,,,,,0.0
2026-02-16 15:10:00,,,,,0.0
2026-02-16 15:15:00,,,,,0.0
2026-02-16 15:20:00,,,,,0.0
2026-02-16 15:25:00,0.030537239255214895,0.030537239255214895,0.030537239255214895,0.030537239255214895,142.86
2026-02-16 15:30:00,,,,,0.0
2026-02-16 15:35:00,0.035,0.035,0.035,0.035,123.15
2026-02-16 15:40:00,,,,,0.0
2026-02-16 15:45:00,,,,,0.0
2026-02-16 15:50:00,0.02054054054054054,0.02054054054054054,0.02054054054054054,0.02054054054054054,185.0
2026-02-16 15:55:00,,,,,0.0
2026-02-16 16:00:00,,,,,0.0
2026-02-16 16:05:00,,,,,0.0
2026-02-16 16:10:00,,,,,0.0
2026-02-16 16:15:00,,,,,0.0
2026-02-16 16:20:00,,,,,0.0
2026-02-16 16:25:00,0.98,0.98,0.98,0.98,8.73
2026-02-16 16:30:00,0.9838984,0.9838984,0.9838984,0.9838984,50.0
2026-02-16 16:35:00,0.98,0.98,0.98,0.98,1.54
2026-02-16 16:40:00,0.972,0.961,0.98,0.961,53.54
2026-02-16 16:45:00,,,,,0.0
2026-02-16 16:50:00,,,,,0.0
2026-02-16 16:55:00,,,,,0.0
2026-02-16 17:00:00,,,,,0.0
2026-02-16 17:05:00,,,,,0.0
2026-02-16 17:10:00,0.016,0.016,0.016,0.016,13.54
2026-02-16 17:15:00,0.98,0.0391561842298468,0.98,0.0391561842298468,66.0775
2026-02-16 17:20:00,,,,,0.0
2026-02-16 17:25:00,0.04,0.04,0.04,0.04,5.0
2026-02-16 17:30:00,,,,,0.0
2026-02-16 17:35:00,,,,,0.0
2026-02-16 17:40:00,0.97,0.97,0.97,0.97,5.0
2026-02-16 17:45:00,,,,,0.0
2026-02-16 17:50:00,,,,,0.0
2026-02-16 17:55:00,0.9779999994584215,0.984,0.984,0.021,82.157454
2026-02-16 18:00:00,,,,,0.0
2026-02-16 18:05:00,,,,,0.0
2026-02-16 18:10:00,0.016,0.02433548387096774,0.9683245952197379,0.016,115.47
2026-02-16 18:15:00,,,,,0.0
2026-02-16 18:20:00,,,,,0.0
2026-02-16 18:25:00,,,,,0.0
2026-02-16 18:30:00,,,,,0.0
2026-02-16 18:35:00,,,,,0.0
2026-02-16 18:40:00,0.975999999600204,0.975999999600204,0.975999999600204,0.975999999600204,20.010208
2026-02-16 18:45:00,0.02,0.98,0.98,0.02,25.0
2026-02-16 18:50:00,0.9836001619344166,0.016,0.984,0.016,59.8475
2026-02-16 18:55:00,0.9839999987833046,0.984,0.984,0.016,39.747937
2026-02-16 19:00:00,0.984,0.984,0.984,0.984,5.0
2026-02-16 19:05:00,0.984,0.984,0.984,0.9839999945709783,116.37356199999999
2026-02-16 19:10:00,0.98,0.98,0.98,0.98,1.47
2026-02-16 19:15:00,,,,,0.0
2026-02-16 19:20:00,,,,,0.0
2026-02-16 19:25:00,,,,,0.0
2026-02-16 19:30:00,,,,,0.0
2026-02-16 19:35:00,,,,,0.0
2026-02-16 19:40:00,,,,,0.0
2026-02-16 19:45:00,,,,,0.0
2026-02-16 19:50:00,,,,,0.0
2026-02-16 19:55:00,,,,,0.0
2026-02-16 20:00:00,,,,,0.0
2026-02-16 20:05:00,,,,,0.0
2026-02-16 20:10:00,,,,,0.0
2026-02-16 20:15:00,,,,,0.0
2026-02-16 20:20:00,,,,,0.0
2026-02-16 20:25:00,,,,,0.0
2026-02-16 20:30:00,,,,,0.0
2026-02-16 20:35:00,,,,,0.0
2026-02-16 20:40:00,,,,,0.0
2026-02-16 20:45:00,,,,,0.0
2026-02-16 20:50:00,0.016,0.016,0.016,0.016,10.0
2026-02-16 20:55:00,,,,,0.0
2026-02-16 21:00:00,,,,,0.0
2026-02-16 21:05:00,,,,,0.0
2026-02-16 21:10:00,,,,,0.0
2026-02-16 21:15:00,,,,,0.0
2026-02-16 21:20:00,,,,,0.0
2026-02-16 21:25:00,,,,,0.0
2026-02-16 21:30:00,,,,,0.0
2026-02-16 21:35:00,,,,,0.0
2026-02-16 21:40:00,,,,,0.0
2026-02-16 21:45:00,,,,,0.0
2026-02-16 21:50:00,,,,,0.0
2026-02-16 21:55:00,,,,,0.0
2026-02-16 22:00:00,,,,,0.0
2026-02-16 22:05:00,0.04246963720519241,0.04246963720519241,0.04246963720519241,0.04246963720519241,1059.58049
2026-02-16 22:10:00,0.96,0.96,0.96,0.03909090909090909,126.58
2026-02-16 22:15:00,0.023,0.023,0.023,0.023,50.0
2026-02-16 22:20:00,,,,,0.0
2026-02-16 22:25:00,,,,,0.0
2026-02-16 22:30:00,,,,,0.0
2026-02-16 22:35:00,,,,,0.0
2026-02-16 22:40:00,,,,,0.0
2026-02-16 22:45:00,,,,,0.0
2026-02-16 22:50:00,,,,,0.0
2026-02-16 22:55:00,,,,,0.0
2026-02-16 23:00:00,,,,,0.0
2026-02-16 23:05:00,,,,,0.0
2026-02-16 23:10:00,0.04147464661810604,0.962,0.983,0.04147464661810604,190.555554
2026-02-16 23:15:00,,,,,0.0
2026-02-16 23:20:00,,,,,0.0
2026-02-16 23:25:00,,,,,0.0
2026-02-16 23:30:00,,,,,0.0
2026-02-16 23:35:00,,,,,0.0
2026-02-16 23:40:00,,,,,0.0
2026-02-16 23:45:00,0.983,0.9829999974441703,0.983,0.9829999974441703,14.986411
2026-02-16 23:50:00,,,,,0.0
2026-02-16 23:55:00,,,,,0.0
2026-02-17 00:00:00,,,,,0.0
2026-02-17 00:05:00,,,,,0.0
2026-02-17 00:10:00,,,,,0.0
2026-02-17 00:15:00,,,,,0.0
2026-02-17 00:20:00,0.984,0.984,0.984,0.016,145.21
2026-02-17 00:25:00,0.984,0.984,0.984,0.984,5.32
2026-02-17 00:30:00,0.984,0.984,0.984,0.984,41.11
2026-02-17 00:35:00,,,,,0.0
2026-02-17 00:40:00,,,,,0.0
2026-02-17 00:45:00,,,,,0.0
2026-02-17 00:50:00,,,,,0.0
2026-02-17 00:55:00,,,,,0.0
2026-02-17 01:00:00,,,,,0.0
2026-02-17 01:05:00,,,,,0.0
2026-02-17 01:10:00,,,,,0.0
2026-02-17 01:15:00,,,,,0.0
2026-02-17 01:20:00,0.982,0.982,0.982,0.982,60.0
2026-02-17 01:25:00,0.9819999976619036,0.9819999976619036,0.9819999976619036,0.9819999976619036,5.987777
2026-02-17 01:30:00,,,,,0.0
2026-02-17 01:35:00,,,,,0.0
2026-02-17 01:40:00,,,,,0.0
2026-02-17 01:45:00,,,,,0.0
2026-02-17 01:50:00,0.982,0.982,0.982,0.982,17.69
2026-02-17 01:55:00,0.982,0.982,0.982,0.982,14.46
2026-02-17 02:00:00,0.981,0.981,0.981,0.981,18.14
2026-02-17 02:05:00,,,,,0.0
2026-02-17 02:10:00,,,,,0.0
2026-02-17 02:15:00,,,,,0.0
2026-02-17 02:20:00,,,,,0.0
2026-02-17 02:25:00,0.034,0.030384615384615385,0.966,0.030384615384615385,149.25
2026-02-17 02:30:00,,,,,0.0
2026-02-17 02:35:00,0.03360142085399245,0.03360142085399245,0.03360142085399245,0.03360142085399245,135.13
2026-02-17 02:40:00,,,,,0.0
2026-02-17 02:45:00,0.97,0.97,0.97,0.97,10.0
2026-02-17 02:50:00,,,,,0.0
2026-02-17 02:55:00,0.9699999980599977,0.9699999980599977,0.9699999980599977,0.9699999980599977,5.154633
2026-02-17 03:00:00,,,,,0.0
2026-02-17 03:05:00,,,,,0.0
2026-02-17 03:10:00,,,,,0.0
2026-02-17 03:15:00,0.97,0.97,0.97,0.97,23.99
2026-02-17 03:20:00,,,,,0.0
2026-02-17 03:25:00,,,,,0.0
2026-02-17 03:30:00,,,,,0.0
2026-02-17 03:35:00,,,,,0.0
2026-02-17 03:40:00,,,,,0.0
2026-02-17 03:45:00,,,,,0.0
2026-02-17 03:50:00,,,,,0.0
2026-02-17 03:55:00,,,,,0.0
2026-02-17 04:00:00,,,,,0.0
2026-02-17 04:05:00,,,,,0.0
2026-02-17 04:10:00,,,,,0.0
2026-02-17 04:15:00,0.97,0.97,0.97,0.97,17.0
2026-02-17 04:20:00,,,,,0.0
2026-02-17 04:25:00,,,,,0.0
2026-02-17 04:30:00,,,,,0.0
2026-02-17 04:35:00,,,,,0.0
2026-02-17 04:40:00,,,,,0.0
2026-02-17 04:45:00,,,,,0.0
2026-02-17 04:50:00,,,,,0.0
2026-02-17 04:55:00,,,,,0.0
2026-02-17 05:00:00,,,,,0.0
2026-02-17 05:05:00,,,,,0.0
2026-02-17 05:10:00,,,,,0.0
2026-02-17 05:15:00,,,,,0.0
2026-02-17 05:20:00,,,,,0.0
2026-02-17 05:25:00,,,,,0.0
2026-02-17 05:30:00,0.983,0.983,0.983,0.983,30.0
2026-02-17 05:35:00,,,,,0.0
2026-02-17 05:40:00,,,,,0.0
2026-02-17 05:45:00,,,,,0.0
2026-02-17 05:50:00,,,,,0.0
2026-02-17 05:55:00,0.974,0.98,0.98,0.02,37.99
2026-02-17 06:00:00,,,,,0.0
2026-02-17 06:05:00,,,,,0.0
2026-02-17 06:10:00,,,,,0.0
2026-02-17 06:15:00,0.016,0.016,0.016,0.016,7.99
2026-02-17 06:20:00,,,,,0.0
2026-02-17 06:25:00,,,,,0.0
2026-02-17 06:30:00,,,,,0.0
2026-02-17 06:35:00,,,,,0.0
2026-02-17 06:40:00,,,,,0.0
2026-02-17 06:45:00,0.977,0.977,0.977,0.977,16.0
2026-02-17 06:50:00,,,,,0.0
2026-02-17 06:55:00,0.977,0.983,0.983,0.977,10.0
2026-02-17 07:00:00,,,,,0.0
2026-02-17 07:05:00,,,,,0.0
2026-02-17 07:10:00,,,,,0.0
2026-02-17 07:15:00,,,,,0.0
2026-02-17 07:20:00,,,,,0.0
2026-02-17 07:25:00,,,,,0.0
2026-02-17 07:30:00,,,,,0.0
2026-02-17 07:35:00,,,,,0.0
2026-02-17 07:40:00,,,,,0.0
2026-02-17 07:45:00,,,,,0.0
2026-02-17 07:50:00,,,,,0.0
2026-02-17 07:55:00,0.017,0.017,0.017,0.017,5.0
2026-02-17 08:00:00,,,,,0.0
2026-02-17 08:05:00,,,,,0.0
2026-02-17 08:10:00,,,,,0.0
2026-02-17 08:15:00,,,,,0.0
2026-02-17 08:20:00,,,,,0.0
2026-02-17 08:25:00,,,,,0.0
2026-02-17 08:30:00,,,,,0.0
2026-02-17 08:35:00,0.9829999994266355,0.982999998494,0.9829999994266355,0.982999998494,23.00094
2026-02-17 08:40:00,0.9832380821877481,0.9832380821877481,0.9832380821877481,0.9832380821877481,18.886562
2026-02-17 08:45:00,0.98,0.98,0.98,0.98,35.0
2026-02-17 08:50:00,,,,,0.0
2026-02-17 08:55:00,,,,,0.0
2026-02-17 09:00:00,0.02,0.02,0.02,0.02,15.0
2026-02-17 09:05:00,,,,,0.0
2026-02-17 09:10:00,,,,,0.0
2026-02-17 09:15:00,,,,,0.0
2026-02-17 09:20:00,,,,,0.0
2026-02-17 09:25:00,0.016,0.016,0.016,0.016,50.0
2026-02-17 09:30:00,,,,,0.0
2026-02-17 09:35:00,,,,,0.0
2026-02-17 09:40:00,,,,,0.0
2026-02-17 09:45:00,,,,,0.0
2026-02-17 09:50:00,,,,,0.0
2026-02-17 09:55:00,,,,,0.0
2026-02-17 10:00:00,,,,,0.0
2026-02-17 10:05:00,,,,,0.0
2026-02-17 10:10:00,,,,,0.0
2026-02-17 10:15:00,0.9769999833906681,0.9769999833906681,0.9769999833906681,0.9769999833906681,1.023521
2026-02-17 10:20:00,,,,,0.0
2026-02-17 10:25:00,,,,,0.0
2026-02-17 10:30:00,0.015263709269561448,0.015263709269561448,0.015263709269561448,0.015263709269561448,138.41
2026-02-17 10:35:00,,,,,0.0
2026-02-17 10:40:00,,,,,0.0
2026-02-17 10:45:00,,,,,0.0
2026-02-17 10:50:00,0.985,0.9849999967166458,0.985,0.9849999967166458,13.045666
2026-02-17 10:55:00,,,,,0.0
2026-02-17 11:00:00,0.016,0.016,0.016,0.016,98.13
2026-02-17 11:05:00,,,,,0.0
2026-02-17 11:10:00,0.984,0.984,0.984,0.016,28.98
2026-02-17 11:15:00,,,,,0.0
2026-02-17 11:20:00,,,,,0.0
2026-02-17 11:25:00,,,,,0.0
2026-02-17 11:30:00,,,,,0.0
2026-02-17 11:35:00,,,,,0.0
2026-02-17 11:40:00,,,,,0.0
2026-02-17 11:45:00,,,,,0.0
2026-02-17 11:50:00,,,,,0.0
2026-02-17 11:55:00,0.972,0.972,0.972,0.972,1.02
2026-02-17 12:00:00,,,,,0.0
2026-02-17 12:05:00,,,,,0.0
2026-02-17 12:10:00,,,,,0.0
2026-02-17 12:15:00,,,,,0.0
2026-02-17 12:20:00,,,,,0.0
2026-02-17 12:25:00,,,,,0.0
2026-02-17 12:30:00,,,,,0.0
2026-02-17 12:35:00,,,,,0.0
2026-02-17 12:40:00,,,,,0.0
2026-02-17 12:45:00,,,,,0.0
2026-02-17 12:50:00,0.984,0.984,0.984,0.984,20.010125
2026-02-17 12:55:00,,,,,0.0
2026-02-17 13:00:00,,,,,0.0
2026-02-17 13:05:00,,,,,0.0
2026-02-17 13:10:00,,,,,0.0
2026-02-17 13:15:00,,,,,0.0
2026-02-17 13:20:00,,,,,0.0
2026-02-17 13:25:00,,,,,0.0
2026-02-17 13:30:00,,,,,0.0
2026-02-17 13:35:00,,,,,0.0
2026-02-17 13:40:00,,,,,0.0
2026-02-17 13:45:00,,,,,0.0
2026-02-17 13:50:00,0.98,0.98,0.98,0.98,5.09
2026-02-17 13:55:00,,,,,0.0
2026-02-17 14:00:00,0.98,0.98,0.98,0.98,6.63
2026-02-17 14:05:00,,,,,0.0
2026-02-17 14:10:00,0.9800880083096318,0.9800880083096318,0.9800880083096318,0.9800880083096318,38.965866
2026-02-17 14:15:00,0.02762812543168946,0.02762812543168946,0.02762812543168946,0.02762812543168946,36.195
2026-02-17 14:20:00,,,,,0.0
2026-02-17 14:25:00,,,,,0.0
2026-02-17 14:30:00,0.977,0.977,0.977,0.977,10.0
2026-02-17 14:35:00,0.982,0.98,0.982,0.98,28.31
2026-02-17 14:40:00,0.98,0.98,0.98,0.98,10.0
2026-02-17 14:45:00,0.98,0.98,0.98,0.98,10.0
2026-02-17 14:50:00,,,,,0.0
2026-02-17 14:55:00,,,,,0.0
2026-02-17 15:00:00,0.02,0.02,0.02,0.02,8.31
2026-02-17 15:05:00,0.015244711737868104,0.015244711737868104,0.015244711737868104,0.015244711737868104,120.55
2026-02-17 15:10:00,,,,,0.0
2026-02-17 15:15:00,,,,,0.0
2026-02-17 15:20:00,,,,,0.0
2026-02-17 15:25:00,,,,,0.0
2026-02-17 15:30:00,,,,,0.0
2026-02-17 15:35:00,,,,,0.0
2026-02-17 15:40:00,,,,,0.0
2026-02-17 15:45:00,0.011354565709353054,0.011354565709353054,0.011354565709353054,0.011354565709353054,1714.52
2026-02-17 15:50:00,,,,,0.0
2026-02-17 15:55:00,,,,,0.0
2026-02-17 16:00:00,,,,,0.0
2026-02-17 16:05:00,,,,,0.0
2026-02-17 16:10:00,,,,,0.0
2026-02-17 16:15:00,,,,,0.0
2026-02-17 16:20:00,,,,,0.0
2026-02-17 16:25:00,,,,,0.0
2026-02-17 16:30:00,,,,,0.0
2026-02-17 16:35:00,,,,,0.0
2026-02-17 16:40:00,,,,,0.0
2026-02-17 16:45:00,,,,,0.0
2026-02-17 16:50:00,,,,,0.0
2026-02-17 16:55:00,,,,,0.0
2026-02-17 17:00:00,,,,,0.0
2026-02-17 17:05:00,,,,,0.0
2026-02-17 17:10:00,,,,,0.0
2026-02-17 17:15:00,,,,,0.0
2026-02-17 17:20:00,,,,,0.0
2026-02-17 17:25:00,,,,,0.0
2026-02-17 17:30:00,,,,,0.0
2026-02-17 17:35:00,0.99,0.99,0.99,0.99,1.5151
2026-02-17 17:40:00,,,,,0.0
2026-02-17 17:45:00,,,,,0.0
2026-02-17 17:50:00,,,,,0.0
2026-02-17 17:55:00,,,,,0.0
2026-02-17 18:00:00,,,,,0.0
2026-02-17 18:05:00,,,,,0.0
2026-02-17 18:10:00,,,,,0.0
2026-02-17 18:15:00,,,,,0.0
2026-02-17 18:20:00,,,,,0.0
2026-02-17 18:25:00,,,,,0.0
2026-02-17 18:30:00,,,,,0.0
2026-02-17 18:35:00,,,,,0.0
2026-02-17 18:40:00,,,,,0.0
2026-02-17 18:45:00,0.99,0.99,0.99,0.99,25.6464
2026-02-17 18:50:00,,,,,0.0
2026-02-17 18:55:00,,,,,0.0
2026-02-17 19:00:00,,,,,0.0
2026-02-17 19:05:00,0.99,0.984,0.99,0.01,31.31
2026-02-17 19:10:00,,,,,0.0
2026-02-17 19:15:00,,,,,0.0
2026-02-17 19:20:00,,,,,0.0
2026-02-17 19:25:00,,,,,0.0
2026-02-17 19:30:00,,,,,0.0
2026-02-17 19:35:00,,,,,0.0
2026-02-17 19:40:00,,,,,0.0
2026-02-17 19:45:00,0.989,0.9895942116251825,0.9895942116251825,0.989,18.1689
2026-02-17 19:50:00,0.99,0.99,0.99,0.99,16.8415
2026-02-17 19:55:00,,,,,0.0
2026-02-17 20:00:00,,,,,0.0
2026-02-17 20:05:00,,,,,0.0
2026-02-17 20:10:00,0.99,0.99,0.99,0.99,5.0
2026-02-17 20:15:00,,,,,0.0
2026-02-17 20:20:00,,,,,0.0
2026-02-17 20:25:00,,,,,0.0
2026-02-17 20:30:00,,,,,0.0
2026-02-17 20:35:00,0.989,0.9896743526863913,0.9896743526863913,0.989,17.5596
2026-02-17 20:40:00,0.989,0.989,0.989,0.989,5.0
2026-02-17 20:45:00,,,,,0.0
2026-02-17 20:50:00,,,,,0.0
2026-02-17 20:55:00,,,,,0.0
2026-02-17 21:00:00,0.987,0.987,0.987,0.987,5.0
2026-02-17 21:05:00,0.99,0.99,0.99,0.99,50.0
2026-02-17 21:10:00,0.018638928285374248,0.99,0.99,0.018638928285374248,541.51148
2026-02-17 21:15:00,,,,,0.0
2026-02-17 21:20:00,0.981,0.981,0.981,0.981,5.0
2026-02-17 21:25:00,,,,,0.0
2026-02-17 21:30:00,0.01,0.01,0.01,0.01,7.49
2026-02-17 21:35:00,,,,,0.0
2026-02-17 21:40:00,0.01,0.987,0.987,0.01,33.55
2026-02-17 21:45:00,,,,,0.0
2026-02-17 21:50:00,,,,,0.0
2026-02-17 21:55:00,0.01,0.01,0.01,0.01,5.0
2026-02-17 22:00:00,,,,,0.0
2026-02-17 22:05:00,,,,,0.0
2026-02-17 22:10:00,,,,,0.0
2026-02-17 22:15:00,0.011,0.011,0.011,0.011,3.38
2026-02-17 22:20:00,,,,,0.0
2026-02-17 22:25:00,0.99,0.99,0.99,0.99,5.0
2026-02-17 22:30:00,,,,,0.0
2026-02-17 22:35:00,,,,,0.0
2026-02-17 22:40:00,,,,,0.0
2026-02-17 22:45:00,0.005212861072902339,0.005212861072902339,0.005212861072902339,0.005212861072902339,290.8
2026-02-17 22:50:00,,,,,0.0
2026-02-17 22:55:00,,,,,0.0
2026-02-17 23:00:00,0.99,0.99,0.99,0.99,1.62
2026-02-17 23:05:00,,,,,0.0
2026-02-17 23:10:00,,,,,0.0
2026-02-17 23:15:00,,,,,0.0
2026-02-17 23:20:00,0.9961490396858083,0.997,0.997,0.9900522239508399,80.152666
2026-02-17 23:25:00,,,,,0.0
2026-02-17 23:30:00,,,,,0.0
2026-02-17 23:35:00,,,,,0.0
2026-02-17 23:40:00,,,,,0.0
2026-02-17 23:45:00,,,,,0.0
2026-02-17 23:50:00,,,,,0.0
2026-02-17 23:55:00,,,,,0.0
2026-02-18 00:00:00,0.99,0.99,0.99,0.99,1.1111
2026-02-18 00:05:00,,,,,0.0
2026-02-18 00:10:00,,,,,0.0
2026-02-18 00:15:00,,,,,0.0
2026-02-18 00:20:00,,,,,0.0
2026-02-18 00:25:00,,,,,0.0
2026-02-18 00:30:00,,,,,0.0
2026-02-18 00:35:00,,,,,0.0
2026-02-18 00:40:00,,,,,0.0
2026-02-18 00:45:00,0.997,0.99,0.997,0.008720330578512396,171.0
2026-02-18 00:50:00,0.997,0.997,0.997,0.997,34.62
2026-02-18 00:55:00,,,,,0.0
2026-02-18 01:00:00,,,,,0.0
2026-02-18 01:05:00,0.9969999999675455,0.997,0.997,0.9969999993240197,106.430999
2026-02-18 01:10:00,,,,,0.0
2026-02-18 01:15:00,,,,,0.0
2026-02-18 01:20:00,,,,,0.0
2026-02-18 01:25:00,,,,,0.0
2026-02-18 01:30:00,,,,,0.0
2026-02-18 01:35:00,,,,,0.0
2026-02-18 01:40:00,,,,,0.0
2026-02-18 01:45:00,,,,,0.0
2026-02-18 01:50:00,,,,,0.0
2026-02-18 01:55:00,,,,,0.0
2026-02-18 02:00:00,,,,,0.0
2026-02-18 02:05:00,,,,,0.0
2026-02-18 02:10:00,,,,,0.0
2026-02-18 02:15:00,,,,,0.0
2026-02-18 02:20:00,,,,,0.0
2026-02-18 02:25:00,,,,,0.0
2026-02-18 02:30:00,,,,,0.0
2026-02-18 02:35:00,0.997,0.997,0.997,0.997,5.0
2026-02-18 02:40:00,,,,,0.0
2026-02-18 02:45:00,,,,,0.0
2026-02-18 02:50:00,,,,,0.0
2026-02-18 02:55:00,,,,,0.0
2026-02-18 03:00:00,,,,,0.0
2026-02-18 03:05:00,,,,,0.0
2026-02-18 03:10:00,,,,,0.0
2026-02-18 03:15:00,,,,,0.0
2026-02-18 03:20:00,,,,,0.0
2026-02-18 03:25:00,,,,,0.0
2026-02-18 03:30:00,,,,,0.0
2026-02-18 03:35:00,,,,,0.0
2026-02-18 03:40:00,,,,,0.0
2026-02-18 03:45:00,,,,,0.0
2026-02-18 03:50:00,,,,,0.0
2026-02-18 03:55:00,,,,,0.0
2026-02-18 04:00:00,,,,,0.0
2026-02-18 04:05:00,,,,,0.0
2026-02-18 04:10:00,,,,,0.0
2026-02-18 04:15:00,,,,,0.0
2026-02-18 04:20:00,,,,,0.0
2026-02-18 04:25:00,,,,,0.0
2026-02-18 04:30:00,,,,,0.0
2026-02-18 04:35:00,,,,,0.0
2026-02-18 04:40:00,,,,,0.0
2026-02-18 04:45:00,,,,,0.0
2026-02-18 04:50:00,0.997,0.997,0.997,0.997,30.009999999999998
2026-02-18 04:55:00,,,,,0.0
2026-02-18 05:00:00,0.997,0.997,0.997,0.997,5.0
2026-02-18 05:05:00,,,,,0.0
2026-02-18 05:10:00,,,,,0.0
2026-02-18 05:15:00,,,,,0.0
2026-02-18 05:20:00,,,,,0.0
2026-02-18 05:25:00,0.997,0.997,0.997,0.997,5.005
2026-02-18 05:30:00,,,,,0.0
2026-02-18 05:35:00,,,,,0.0
2026-02-18 05:40:00,,,,,0.0
2026-02-18 05:45:00,,,,,0.0
2026-02-18 05:50:00,,,,,0.0
2026-02-18 05:55:00,,,,,0.0
2026-02-18 06:00:00,,,,,0.0
2026-02-18 06:05:00,,,,,0.0
2026-02-18 06:10:00,,,,,0.0
2026-02-18 06:15:00,,,,,0.0
2026-02-18 06:20:00,,,,,0.0
2026-02-18 06:25:00,,,,,0.0
2026-02-18 06:30:00,,,,,0.0
2026-02-18 06:35:00,,,,,0.0
2026-02-18 06:40:00,,,,,0.0
2026-02-18 06:45:00,,,,,0.0
2026-02-18 06:50:00,,,,,0.0
2026-02-18 06:55:00,0.997,0.997,0.997,0.997,20.361
2026-02-18 07:00:00,,,,,0.0
2026-02-18 07:05:00,,,,,0.0
2026-02-18 07:10:00,,,,,0.0
2026-02-18 07:15:00,0.9969999998298548,0.9969999998298548,0.9969999998298548,0.9969999998298548,5.877333
2026-02-18 07:20:00,,,,,0.0
2026-02-18 07:25:00,,,,,0.0
2026-02-18 07:30:00,,,,,0.0
2026-02-18 07:35:00,,,,,0.0
2026-02-18 07:40:00,,,,,0.0
2026-02-18 07:45:00,0.997,0.003,0.997,0.003,10.0
2026-02-18 07:50:00,,,,,0.0
2026-02-18 07:55:00,,,,,0.0
2026-02-18 08:00:00,,,,,0.0
2026-02-18 08:05:00,,,,,0.0
2026-02-18 08:10:00,,,,,0.0
2026-02-18 08:15:00,,,,,0.0
2026-02-18 08:20:00,,,,,0.0
2026-02-18 08:25:00,,,,,0.0
2026-02-18 08:30:00,,,,,0.0
2026-02-18 08:35:00,,,,,0.0
2026-02-18 08:40:00,0.997,0.997,0.997,0.997,10.01
2026-02-18 08:45:00,,,,,0.0
2026-02-18 08:50:00,,,,,0.0
2026-02-18 08:55:00,,,,,0.0
2026-02-18 09:00:00,,,,,0.0
2026-02-18 09:05:00,,,,,0.0
2026-02-18 09:10:00,,,,,0.0
2026-02-18 09:15:00,0.997,0.997,0.997,0.997,1.59
2026-02-18 09:20:00,0.997,0.997,0.997,0.997,85.14
2026-02-18 09:25:00,,,,,0.0
2026-02-18 09:30:00,,,,,0.0
2026-02-18 09:35:00,,,,,0.0
2026-02-18 09:40:00,,,,,0.0
2026-02-18 09:45:00,,,,,0.0
2026-02-18 09:50:00,,,,,0.0
2026-02-18 09:55:00,,,,,0.0
2026-02-18 10:00:00,,,,,0.0
2026-02-18 10:05:00,,,,,0.0
2026-02-18 10:10:00,,,,,0.0
2026-02-18 10:15:00,,,,,0.0
2026-02-18 10:20:00,,,,,0.0
2026-02-18 10:25:00,0.997,0.997,0.997,0.997,54.02
2026-02-18 10:30:00,,,,,0.0
2026-02-18 10:35:00,,,,,0.0
2026-02-18 10:40:00,,,,,0.0
2026-02-18 10:45:00,0.993,0.9929999978095331,0.993,0.9929999978095331,7.018999
2026-02-18 10:50:00,,,,,0.0
2026-02-18 10:55:00,,,,,0.0
2026-02-18 11:00:00,,,,,0.0
2026-02-18 11:05:00,,,,,0.0
2026-02-18 11:10:00,,,,,0.0
2026-02-18 11:15:00,,,,,0.0
2026-02-18 11:20:00,,,,,0.0
2026-02-18 11:25:00,0.994,0.994,0.994,0.994,5.0
2026-02-18 11:30:00,,,,,0.0
2026-02-18 11:35:00,,,,,0.0
2026-02-18 11:40:00,,,,,0.0
2026-02-18 11:45:00,,,,,0.0
2026-02-18 11:50:00,0.996,0.996,0.996,0.996,21.13
2026-02-18 11:55:00,,,,,0.0
2026-02-18 12:00:00,,,,,0.0
2026-02-18 12:05:00,,,,,0.0
2026-02-18 12:10:00,,,,,0.0
2026-02-18 12:15:00,,,,,0.0
2026-02-18 12:20:00,,,,,0.0
2026-02-18 12:25:00,,,,,0.0
2026-02-18 12:30:00,,,,,0.0
2026-02-18 12:35:00,,,,,0.0
2026-02-18 12:40:00,,,,,0.0
2026-02-18 12:45:00,,,,,0.0
2026-02-18 12:50:00,,,,,0.0
2026-02-18 12:55:00,,,,,0.0
2026-02-18 13:00:00,,,,,0.0
2026-02-18 13:05:00,0.007681081496274675,0.007681081496274675,0.007681081496274675,0.007681081496274675,130.19
2026-02-18 13:10:00,0.007,0.007,0.007,0.007,5.0
2026-02-18 13:15:00,,,,,0.0
2026-02-18 13:20:00,,,,,0.0
2026-02-18 13:25:00,,,,,0.0
2026-02-18 13:30:00,,,,,0.0
2026-02-18 13:35:00,,,,,0.0
2026-02-18 13:40:00,,,,,0.0
2026-02-18 13:45:00,,,,,0.0
2026-02-18 13:50:00,,,,,0.0
2026-02-18 13:55:00,,,,,0.0
2026-02-18 14:00:00,,,,,0.0
2026-02-18 14:05:00,0.997,0.997,0.997,0.997,39.709
2026-02-18 14:10:00,,,,,0.0
2026-02-18 14:15:00,,,,,0.0
2026-02-18 14:20:00,,,,,0.0
2026-02-18 14:25:00,,,,,0.0
2026-02-18 14:30:00,,,,,0.0
2026-02-18 14:35:00,0.995,0.995,0.995,0.995,5.38
2026-02-18 14:40:00,,,,,0.0
2026-02-18 14:45:00,0.997,0.997,0.997,0.997,45.496
2026-02-18 14:50:00,0.997,0.995,0.997,0.994,79.6568
2026-02-18 14:55:00,0.995,0.006,0.995,0.006,10.36
2026-02-18 15:00:00,,,,,0.0
2026-02-18 15:05:00,0.995,0.995,0.995,0.995,10.0
2026-02-18 15:10:00,,,,,0.0
2026-02-18 15:15:00,,,,,0.0
2026-02-18 15:20:00,,,,,0.0
2026-02-18 15:25:00,,,,,0.0
2026-02-18 15:30:00,,,,,0.0
2026-02-18 15:35:00,,,,,0.0
2026-02-18 15:40:00,,,,,0.0
2026-02-18 15:45:00,,,,,0.0
2026-02-18 15:50:00,,,,,0.0
2026-02-18 15:55:00,,,,,0.0
2026-02-18 16:00:00,,,,,0.0
2026-02-18 16:05:00,,,,,0.0
2026-02-18 16:10:00,,,,,0.0
2026-02-18 16:15:00,,,,,0.0
2026-02-18 16:20:00,,,,,0.0
2026-02-18 16:25:00,,,,,0.0
2026-02-18 16:30:00,,,,,0.0
2026-02-18 16:35:00,0.007,0.007,0.007,0.007,2.04
2026-02-18 16:40:00,,,,,0.0
2026-02-18 16:45:00,0.003,0.007,0.007,0.003,50.64
2026-02-18 16:50:00,,,,,0.0
2026-02-18 16:55:00,0.007,0.007,0.007,0.007,2.04
2026-02-18 17:00:00,0.007,0.007,0.007,0.007,2.04
2026-02-18 17:05:00,,,,,0.0
2026-02-18 17:10:00,0.003,0.003,0.003,0.003,1.02
2026-02-18 17:15:00,,,,,0.0
2026-02-18 17:20:00,,,,,0.0
2026-02-18 17:25:00,,,,,0.0
2026-02-18 17:30:00,,,,,0.0
2026-02-18 17:35:00,,,,,0.0
2026-02-18 17:40:00,,,,,0.0
2026-02-18 17:45:00,,,,,0.0
2026-02-18 17:50:00,,,,,0.0
2026-02-18 17:55:00,,,,,0.0
2026-02-18 18:00:00,0.003,0.003,0.003,0.003,1.02
2026-02-18 18:05:00,0.003,0.003,0.003,0.003,30.97
2026-02-18 18:10:00,0.003,0.003,0.003,0.003,1.02
2026-02-18 18:15:00,0.003,0.003,0.003,0.003,1.02
2026-02-18 18:20:00,,,,,0.0
2026-02-18 18:25:00,0.003,0.003,0.003,0.003,1.02
2026-02-18 18:30:00,0.003,0.003,0.003,0.003,1.02
2026-02-18 18:35:00,,,,,0.0
2026-02-18 18:40:00,,,,,0.0
2026-02-18 18:45:00,,,,,0.0
2026-02-18 18:50:00,,,,,0.0
2026-02-18 18:55:00,,,,,0.0
2026-02-18 19:00:00,,,,,0.0
2026-02-18 19:05:00,,,,,0.0
2026-02-18 19:10:00,,,,,0.0
2026-02-18 19:15:00,,,,,0.0
2026-02-18 19:20:00,,,,,0.0
2026-02-18 19:25:00,,,,,0.0
2026-02-18 19:30:00,,,,,0.0
2026-02-18 19:35:00,,,,,0.0
2026-02-18 19:40:00,,,,,0.0
2026-02-18 19:45:00,,,,,0.0
2026-02-18 19:50:00,,,,,0.0
2026-02-18 19:55:00,,,,,0.0
2026-02-18 20:00:00,,,,,0.0
2026-02-18 20:05:00,,,,,0.0
2026-02-18 20:10:00,,,,,0.0
2026-02-18 20:15:00,,,,,0.0
2026-02-18 20:20:00,,,,,0.0
2026-02-18 20:25:00,0.007,0.007,0.007,0.007,4.0
2026-02-18 20:30:00,,,,,0.0
2026-02-18 20:35:00,,,,,0.0
2026-02-18 20:40:00,,,,,0.0
2026-02-18 20:45:00,,,,,0.0
2026-02-18 20:50:00,,,,,0.0
2026-02-18 20:55:00,,,,,0.0
2026-02-18 21:00:00,,,,,0.0
2026-02-18 21:05:00,,,,,0.0
2026-02-18 21:10:00,,,,,0.0
2026-02-18 21:15:00,,,,,0.0
2026-02-18 21:20:00,,,,,0.0
2026-02-18 21:25:00,0.007,0.007,0.007,0.007,4.0
2026-02-18 21:30:00,,,,,0.0
2026-02-18 21:35:00,,,,,0.0
2026-02-18 21:40:00,,,,,0.0
2026-02-18 21:45:00,,,,,0.0
2026-02-18 21:50:00,,,,,0.0
2026-02-18 21:55:00,,,,,0.0
2026-02-18 22:00:00,,,,,0.0
2026-02-18 22:05:00,,,,,0.0
2026-02-18 22:10:00,,,,,0.0
2026-02-18 22:15:00,,,,,0.0
2026-02-18 22:20:00,,,,,0.0
2026-02-18 22:25:00,,,,,0.0
2026-02-18 22:30:00,,,,,0.0
2026-02-18 22:35:00,,,,,0.0
2026-02-18 22:40:00,,,,,0.0
2026-02-18 22:45:00,,,,,0.0
2026-02-18 22:50:00,,,,,0.0
2026-02-18 22:55:00,,,,,0.0
2026-02-18 23:00:00,,,,,0.0
2026-02-18 23:05:00,,,,,0.0
2026-02-18 23:10:00,,,,,0.0
2026-02-18 23:15:00,,,,,0.0
2026-02-18 23:20:00,0.9959995637517548,0.9959995637517548,0.9959995637517548,0.9959995637517548,4.016062
2026-02-18 23:25:00,,,,,0.0
2026-02-18 23:30:00,,,,,0.0
2026-02-18 23:35:00,,,,,0.0
2026-02-18 23:40:00,,,,,0.0
2026-02-18 23:45:00,,,,,0.0
2026-02-18 23:50:00,,,,,0.0
2026-02-18 23:55:00,,,,,0.0
2026-02-19 00:00:00,,,,,0.0
2026-02-19 00:05:00,,,,,0.0
2026-02-19 00:10:00,,,,,0.0
2026-02-19 00:15:00,,,,,0.0
2026-02-19 00:20:00,,,,,0.0
2026-02-19 00:25:00,,,,,0.0
2026-02-19 00:30:00,,,,,0.0
2026-02-19 00:35:00,,,,,0.0
2026-02-19 00:40:00,,,,,0.0
2026-02-19 00:45:00,,,,,0.0
2026-02-19 00:50:00,,,,,0.0
2026-02-19 00:55:00,0.996,0.997,0.997,0.996,48.0
2026-02-19 01:00:00,,,,,0.0
2026-02-19 01:05:00,,,,,0.0
2026-02-19 01:10:00,,,,,0.0
2026-02-19 01:15:00,,,,,0.0
2026-02-19 01:20:00,,,,,0.0
2026-02-19 01:25:00,,,,,0.0
2026-02-19 01:30:00,,,,,0.0
2026-02-19 01:35:00,,,,,0.0
2026-02-19 01:40:00,,,,,0.0
2026-02-19 01:45:00,,,,,0.0
2026-02-19 01:50:00,0.997,0.997,0.997,0.997,296.40999999999997
2026-02-19 01:55:00,,,,,0.0
2026-02-19 02:00:00,,,,,0.0
2026-02-19 02:05:00,,,,,0.0
2026-02-19 02:10:00,0.007,0.007,0.007,0.007,4.0
2026-02-19 02:15:00,,,,,0.0
2026-02-19 02:20:00,,,,,0.0
2026-02-19 02:25:00,,,,,0.0
2026-02-19 02:30:00,0.003,0.003,0.003,0.003,12.0
2026-02-19 02:35:00,,,,,0.0
2026-02-19 02:40:00,,,,,0.0
2026-02-19 02:45:00,,,,,0.0
2026-02-19 02:50:00,,,,,0.0
2026-02-19 02:55:00,,,,,0.0
2026-02-19 03:00:00,,,,,0.0
2026-02-19 03:05:00,0.993,0.997,0.997,0.993,9.99
2026-02-19 03:10:00,,,,,0.0
2026-02-19 03:15:00,,,,,0.0
2026-02-19 03:20:00,,,,,0.0
2026-02-19 03:25:00,,,,,0.0
2026-02-19 03:30:00,,,,,0.0
2026-02-19 03:35:00,,,,,0.0
2026-02-19 03:40:00,,,,,0.0
2026-02-19 03:45:00,,,,,0.0
2026-02-19 03:50:00,,,,,0.0
2026-02-19 03:55:00,,,,,0.0
2026-02-19 04:00:00,,,,,0.0
2026-02-19 04:05:00,,,,,0.0
2026-02-19 04:10:00,,,,,0.0
2026-02-19 04:15:00,,,,,0.0
2026-02-19 04:20:00,,,,,0.0
2026-02-19 04:25:00,,,,,0.0
2026-02-19 04:30:00,,,,,0.0
2026-02-19 04:35:00,,,,,0.0
2026-02-19 04:40:00,,,,,0.0
2026-02-19 04:45:00,,,,,0.0
2026-02-19 04:50:00,,,,,0.0
2026-02-19 04:55:00,,,,,0.0
2026-02-19 05:00:00,,,,,0.0
2026-02-19 05:05:00,,,,,0.0
2026-02-19 05:10:00,,,,,0.0
2026-02-19 05:15:00,,,,,0.0
2026-02-19 05:20:00,,,,,0.0
2026-02-19 05:25:00,0.00774,0.008,0.008,0.00774,312.5
2026-02-19 05:30:00,0.008,0.01,0.9959996818237753,0.008,449.341766
2026-02-19 05:35:00,0.989,0.989,0.989,0.989,2.94
2026-02-19 05:40:00,,,,,0.0
2026-02-19 05:45:00,,,,,0.0
2026-02-19 05:50:00,0.01,0.01,0.01,0.01,40.0
2026-02-19 05:55:00,,,,,0.0
2026-02-19 06:00:00,,,,,0.0
2026-02-19 06:05:00,,,,,0.0
2026-02-19 06:10:00,,,,,0.0
2026-02-19 06:15:00,,,,,0.0
2026-02-19 06:20:00,,,,,0.0
2026-02-19 06:25:00,,,,,0.0
2026-02-19 06:30:00,,,,,0.0
2026-02-19 06:35:00,,,,,0.0
2026-02-19 06:40:00,,,,,0.0
2026-02-19 06:45:00,,,,,0.0
2026-02-19 06:50:00,,,,,0.0
2026-02-19 06:55:00,,,,,0.0
2026-02-19 07:00:00,,,,,0.0
2026-02-19 07:05:00,,,,,0.0
2026-02-19 07:10:00,,,,,0.0
2026-02-19 07:15:00,,,,,0.0
2026-02-19 07:20:00,,,,,0.0
2026-02-19 07:25:00,0.991,0.991,0.991,0.991,29.96
2026-02-19 07:30:00,0.009,0.009,0.009,0.009,50.0
2026-02-19 07:35:00,0.009,0.009,0.009,0.009,20.0
2026-02-19 07:40:00,,,,,0.0
2026-02-19 07:45:00,,,,,0.0
2026-02-19 07:50:00,,,,,0.0
2026-02-19 07:55:00,,,,,0.0
2026-02-19 08:00:00,,,,,0.0
2026-02-19 08:05:00,,,,,0.0
2026-02-19 08:10:00,,,,,0.0
2026-02-19 08:15:00,,,,,0.0
2026-02-19 08:20:00,,,,,0.0
2026-02-19 08:25:00,,,,,0.0
2026-02-19 08:30:00,,,,,0.0
2026-02-19 08:35:00,,,,,0.0
2026-02-19 08:40:00,,,,,0.0
2026-02-19 08:45:00,,,,,0.0
2026-02-19 08:50:00,0.9959999791403759,0.9959999791403759,0.9959999791403759,0.9959999791403759,21.285139
2026-02-19 08:55:00,,,,,0.0
2026-02-19 09:00:00,0.9968181941201153,0.9968181941201153,0.9968181941201153,0.9968181941201153,9.680666
2026-02-19 09:05:00,,,,,0.0
2026-02-19 09:10:00,0.997,0.997,0.997,0.997,1.75
2026-02-19 09:15:00,0.9969999997130834,0.9969999997130834,0.9969999997130834,0.9969999997130834,6.970666
2026-02-19 09:20:00,,,,,0.0
2026-02-19 09:25:00,0.9969999998980563,0.9969999998980563,0.9969999998980563,0.9969999998980563,9.809333
2026-02-19 09:30:00,,,,,0.0
2026-02-19 09:35:00,,,,,0.0
2026-02-19 09:40:00,0.997,0.997,0.997,0.997,17.44
2026-02-19 09:45:00,,,,,0.0
2026-02-19 09:50:00,,,,,0.0
2026-02-19 09:55:00,,,,,0.0
2026-02-19 10:00:00,,,,,0.0
2026-02-19 10:05:00,,,,,0.0
2026-02-19 10:10:00,,,,,0.0
2026-02-19 10:15:00,,,,,0.0
2026-02-19 10:20:00,,,,,0.0
2026-02-19 10:25:00,,,,,0.0
2026-02-19 10:30:00,,,,,0.0
2026-02-19 10:35:00,,,,,0.0
2026-02-19 10:40:00,,,,,0.0
2026-02-19 10:45:00,,,,,0.0
2026-02-19 10:50:00,0.003,0.003,0.003,0.003,0.51
2026-02-19 10:55:00,,,,,0.0
2026-02-19 11:00:00,,,,,0.0
2026-02-19 11:05:00,,,,,0.0
2026-02-19 11:10:00,,,,,0.0
2026-02-19 11:15:00,,,,,0.0
2026-02-19 11:20:00,0.008946357650264643,0.008946357650264643,0.008946357650264643,0.008946357650264643,558.886666
2026-02-19 11:25:00,,,,,0.0
2026-02-19 11:30:00,,,,,0.0
2026-02-19 11:35:00,,,,,0.0
2026-02-19 11:40:00,,,,,0.0
2026-02-19 11:45:00,,,,,0.0
2026-02-19 11:50:00,,,,,0.0
2026-02-19 11:55:00,,,,,0.0
2026-02-19 12:00:00,,,,,0.0
2026-02-19 12:05:00,,,,,0.0
2026-02-19 12:10:00,,,,,0.0
2026-02-19 12:15:00,,,,,0.0
2026-02-19 12:20:00,,,,,0.0
2026-02-19 12:25:00,,,,,0.0
2026-02-19 12:30:00,,,,,0.0
2026-02-19 12:35:00,,,,,0.0
2026-02-19 12:40:00,,,,,0.0
2026-02-19 12:45:00,,,,,0.0
2026-02-19 12:50:00,,,,,0.0
2026-02-19 12:55:00,,,,,0.0
2026-02-19 13:00:00,,,,,0.0
2026-02-19 13:05:00,,,,,0.0
2026-02-19 13:10:00,0.9959999578211717,0.997,0.997,0.9959999578211717,139.28003900000002
2026-02-19 13:15:00,,,,,0.0
2026-02-19 13:20:00,,,,,0.0
2026-02-19 13:25:00,,,,,0.0
2026-02-19 13:30:00,0.997,0.997,0.997,0.997,5.0
2026-02-19 13:35:00,,,,,0.0
2026-02-19 13:40:00,0.997,0.997,0.997,0.01236878050436577,469.07856999999996
2026-02-19 13:45:00,0.99,0.99,0.99,0.99,10.66
2026-02-19 13:50:00,,,,,0.0
2026-02-19 13:55:00,,,,,0.0
2026-02-19 14:00:00,,,,,0.0
2026-02-19 14:05:00,,,,,0.0
2026-02-19 14:10:00,,,,,0.0
2026-02-19 14:15:00,,,,,0.0
2026-02-19 14:20:00,,,,,0.0
2026-02-19 14:25:00,,,,,0.0
2026-02-19 14:30:00,0.99,0.99,0.997,0.99,123.54270000000001
2026-02-19 14:35:00,,,,,0.0
2026-02-19 14:40:00,,,,,0.0
2026-02-19 14:45:00,,,,,0.0
2026-02-19 14:50:00,,,,,0.0
2026-02-19 14:55:00,,,,,0.0
2026-02-19 15:00:00,,,,,0.0
2026-02-19 15:05:00,,,,,0.0
2026-02-19 15:10:00,,,,,0.0
2026-02-19 15:15:00,,,,,0.0
2026-02-19 15:20:00,,,,,0.0
2026-02-19 15:25:00,,,,,0.0
2026-02-19 15:30:00,,,,,0.0
2026-02-19 15:35:00,,,,,0.0
2026-02-19 15:40:00,,,,,0.0
2026-02-19 15:45:00,,,,,0.0
2026-02-19 15:50:00,0.9969999999016748,0.997,0.997,0.9969999999016748,39.889333
2026-02-19 15:55:00,,,,,0.0
2026-02-19 16:00:00,,,,,0.0
2026-02-19 16:05:00,,,,,0.0
2026-02-19 16:10:00,0.9969999998665302,0.9969999998665302,0.9969999998665302,0.9969999998665302,14.984666
2026-02-19 16:15:00,,,,,0.0
2026-02-19 16:20:00,0.997,0.997,0.997,0.997,5.005
2026-02-19 16:25:00,,,,,0.0
2026-02-19 16:30:00,,,,,0.0
2026-02-19 16:35:00,,,,,0.0
2026-02-19 16:40:00,,,,,0.0
2026-02-19 16:45:00,,,,,0.0
2026-02-19 16:50:00,,,,,0.0
2026-02-19 16:55:00,,,,,0.0
2026-02-19 17:00:00,,,,,0.0
2026-02-19 17:05:00,,,,,0.0
2026-02-19 17:10:00,,,,,0.0
2026-02-19 17:15:00,,,,,0.0
2026-02-19 17:20:00,,,,,0.0
2026-02-19 17:25:00,,,,,0.0
2026-02-19 17:30:00,,,,,0.0
2026-02-19 17:35:00,,,,,0.0
2026-02-19 17:40:00,,,,,0.0
2026-02-19 17:45:00,0.003,0.003,0.003,0.003,10.0
2026-02-19 17:50:00,,,,,0.0
2026-02-19 17:55:00,,,,,0.0
2026-02-19 18:00:00,,,,,0.0
2026-02-19 18:05:00,,,,,0.0
2026-02-19 18:10:00,,,,,0.0
2026-02-19 18:15:00,0.012,0.012,0.997,0.012,15.0
2026-02-19 18:20:00,,,,,0.0
2026-02-19 18:25:00,,,,,0.0
2026-02-19 18:30:00,,,,,0.0
2026-02-19 18:35:00,0.003,0.003,0.003,0.003,5.0
2026-02-19 18:40:00,0.003,0.003,0.003,0.003,5.0
2026-02-19 18:45:00,0.988,0.988,0.988,0.988,5.0
2026-02-19 18:50:00,,,,,0.0
2026-02-19 18:55:00,0.988,0.988,0.988,0.988,100.93
2026-02-19 19:00:00,,,,,0.0
2026-02-19 19:05:00,,,,,0.0
2026-02-19 19:10:00,,,,,0.0
2026-02-19 19:15:00,,,,,0.0
2026-02-19 19:20:00,,,,,0.0
2026-02-19 19:25:00,,,,,0.0
2026-02-19 19:30:00,,,,,0.0
2026-02-19 19:35:00,,,,,0.0
2026-02-19 19:40:00,,,,,0.0
2026-02-19 19:45:00,,,,,0.0
2026-02-19 19:50:00,,,,,0.0
2026-02-19 19:55:00,,,,,0.0
2026-02-19 20:00:00,,,,,0.0
2026-02-19 20:05:00,,,,,0.0
2026-02-19 20:10:00,,,,,0.0
2026-02-19 20:15:00,,,,,0.0
2026-02-19 20:20:00,,,,,0.0
2026-02-19 20:25:00,,,,,0.0
2026-02-19 20:30:00,,,,,0.0
2026-02-19 20:35:00,,,,,0.0
2026-02-19 20:40:00,,,,,0.0
2026-02-19 20:45:00,,,,,0.0
2026-02-19 20:50:00,,,,,0.0
2026-02-19 20:55:00,,,,,0.0
2026-02-19 21:00:00,,,,,0.0
2026-02-19 21:05:00,,,,,0.0
2026-02-19 21:10:00,,,,,0.0
2026-02-19 21:15:00,,,,,0.0
2026-02-19 21:20:00,,,,,0.0
2026-02-19 21:25:00,,,,,0.0
2026-02-19 21:30:00,,,,,0.0
2026-02-19 21:35:00,,,,,0.0
2026-02-19 21:40:00,,,,,0.0
2026-02-19 21:45:00,,,,,0.0
2026-02-19 21:50:00,0.012000000048,0.012000000048,0.012000000048,0.012000000048,166.666666
2026-02-19 21:55:00,,,,,0.0
2026-02-19 22:00:00,,,,,0.0
2026-02-19 22:05:00,,,,,0.0
2026-02-19 22:10:00,,,,,0.0
2026-02-19 22:15:00,,,,,0.0
2026-02-19 22:20:00,,,,,0.0
2026-02-19 22:25:00,,,,,0.0
2026-02-19 22:30:00,,,,,0.0
2026-02-19 22:35:00,,,,,0.0
2026-02-19 22:40:00,,,,,0.0
2026-02-19 22:45:00,,,,,0.0
2026-02-19 22:50:00,,,,,0.0
2026-02-19 22:55:00,,,,,0.0
2026-02-19 23:00:00,,,,,0.0
2026-02-19 23:05:00,,,,,0.0
2026-02-19 23:10:00,,,,,0.0
2026-02-19 23:15:00,,,,,0.0
2026-02-19 23:20:00,0.99,0.99,0.99,0.99,5.05
2026-02-19 23:25:00,,,,,0.0
2026-02-19 23:30:00,,,,,0.0
2026-02-19 23:35:00,,,,,0.0
2026-02-19 23:40:00,,,,,0.0
2026-02-19 23:45:00,,,,,0.0
2026-02-19 23:50:00,,,,,0.0
2026-02-19 23:55:00,,,,,0.0
2026-02-20 00:00:00,,,,,0.0
2026-02-20 00:05:00,,,,,0.0
2026-02-20 00:10:00,,,,,0.0
2026-02-20 00:15:00,,,,,0.0
2026-02-20 00:20:00,,,,,0.0
2026-02-20 00:25:00,,,,,0.0
2026-02-20 00:30:00,,,,,0.0
2026-02-20 00:35:00,,,,,0.0
2026-02-20 00:40:00,,,,,0.0
2026-02-20 00:45:00,,,,,0.0
2026-02-20 00:50:00,,,,,0.0
2026-02-20 00:55:00,,,,,0.0
2026-02-20 01:00:00,,,,,0.0
2026-02-20 01:05:00,,,,,0.0
2026-02-20 01:10:00,,,,,0.0
2026-02-20 01:15:00,,,,,0.0
2026-02-20 01:20:00,,,,,0.0
2026-02-20 01:25:00,,,,,0.0
2026-02-20 01:30:00,,,,,0.0
2026-02-20 01:35:00,,,,,0.0
2026-02-20 01:40:00,,,,,0.0
2026-02-20 01:45:00,,,,,0.0
2026-02-20 01:50:00,,,,,0.0
2026-02-20 01:55:00,,,,,0.0
2026-02-20 02:00:00,,,,,0.0
2026-02-20 02:05:00,,,,,0.0
2026-02-20 02:10:00,0.99,0.99,0.99,0.99,20.0
2026-02-20 02:15:00,,,,,0.0
2026-02-20 02:20:00,,,,,0.0
2026-02-20 02:25:00,,,,,0.0
2026-02-20 02:30:00,,,,,0.0
2026-02-20 02:35:00,,,,,0.0
2026-02-20 02:40:00,,,,,0.0
2026-02-20 02:45:00,,,,,0.0
2026-02-20 02:50:00,0.997,0.99,0.997,0.99,29.6
2026-02-20 02:55:00,,,,,0.0
2026-02-20 03:00:00,,,,,0.0
2026-02-20 03:05:00,0.997,0.997,0.997,0.997,7.7
2026-02-20 03:10:00,,,,,0.0
2026-02-20 03:15:00,,,,,0.0
2026-02-20 03:20:00,,,,,0.0
2026-02-20 03:25:00,,,,,0.0
2026-02-20 03:30:00,,,,,0.0
2026-02-20 03:35:00,0.99,0.99,0.99,0.99,20.0
2026-02-20 03:40:00,,,,,0.0
2026-02-20 03:45:00,,,,,0.0
2026-02-20 03:50:00,,,,,0.0
2026-02-20 03:55:00,,,,,0.0
2026-02-20 04:00:00,,,,,0.0
2026-02-20 04:05:00,,,,,0.0
2026-02-20 04:10:00,,,,,0.0
2026-02-20 04:15:00,,,,,0.0
2026-02-20 04:20:00,,,,,0.0
2026-02-20 04:25:00,,,,,0.0
2026-02-20 04:30:00,,,,,0.0
2026-02-20 04:35:00,,,,,0.0
2026-02-20 04:40:00,,,,,0.0
2026-02-20 04:45:00,,,,,0.0
2026-02-20 04:50:00,,,,,0.0
2026-02-20 04:55:00,,,,,0.0
2026-02-20 05:00:00,,,,,0.0
2026-02-20 05:05:00,,,,,0.0
2026-02-20 05:10:00,,,,,0.0
2026-02-20 05:15:00,,,,,0.0
2026-02-20 05:20:00,,,,,0.0
2026-02-20 05:25:00,,,,,0.0
2026-02-20 05:30:00,,,,,0.0
2026-02-20 05:35:00,0.997,0.996,0.997,0.994,130.0
2026-02-20 05:40:00,,,,,0.0
2026-02-20 05:45:00,0.996,0.996,0.996,0.996,9.22
2026-02-20 05:50:00,,,,,0.0
2026-02-20 05:55:00,0.997,0.997,0.997,0.997,540.658
2026-02-20 06:00:00,,,,,0.0
2026-02-20 06:05:00,,,,,0.0
2026-02-20 06:10:00,,,,,0.0
2026-02-20 06:15:00,,,,,0.0
2026-02-20 06:20:00,,,,,0.0
2026-02-20 06:25:00,,,,,0.0
2026-02-20 06:30:00,,,,,0.0
2026-02-20 06:35:00,,,,,0.0
2026-02-20 06:40:00,,,,,0.0
2026-02-20 06:45:00,0.9969999984540059,0.9969999997914204,0.9969999997914204,0.9969999984540059,6.087999
2026-02-20 06:50:00,0.9969999999579855,0.9969999999579855,0.9969999999579855,0.9969999999579855,23.801333
2026-02-20 06:55:00,0.997,0.997,0.997,0.997,11.003
2026-02-20 07:00:00,,,,,0.0
2026-02-20 07:05:00,,,,,0.0
2026-02-20 07:10:00,,,,,0.0
2026-02-20 07:15:00,,,,,0.0
2026-02-20 07:20:00,,,,,0.0
2026-02-20 07:25:00,,,,,0.0
2026-02-20 07:30:00,,,,,0.0
2026-02-20 07:35:00,,,,,0.0
2026-02-20 07:40:00,,,,,0.0
2026-02-20 07:45:00,,,,,0.0
2026-02-20 07:50:00,,,,,0.0
2026-02-20 07:55:00,,,,,0.0
2026-02-20 08:00:00,,,,,0.0
2026-02-20 08:05:00,,,,,0.0
2026-02-20 08:10:00,,,,,0.0
2026-02-20 08:15:00,,,,,0.0
2026-02-20 08:20:00,,,,,0.0
2026-02-20 08:25:00,,,,,0.0
2026-02-20 08:30:00,,,,,0.0
2026-02-20 08:35:00,,,,,0.0
2026-02-20 08:40:00,,,,,0.0
2026-02-20 08:45:00,,,,,0.0
2026-02-20 08:50:00,,,,,0.0
2026-02-20 08:55:00,,,,,0.0
2026-02-20 09:00:00,,,,,0.0
2026-02-20 09:05:00,0.003,0.003,0.003,0.003,147.09
2026-02-20 09:10:00,,,,,0.0
2026-02-20 09:15:00,,,,,0.0
2026-02-20 09:20:00,,,,,0.0
2026-02-20 09:25:00,,,,,0.0
2026-02-20 09:30:00,,,,,0.0
2026-02-20 09:35:00,,,,,0.0
2026-02-20 09:40:00,,,,,0.0
2026-02-20 09:45:00,,,,,0.0
2026-02-20 09:50:00,,,,,0.0
2026-02-20 09:55:00,,,,,0.0
2026-02-20 10:00:00,,,,,0.0
2026-02-20 10:05:00,0.997,0.997,0.997,0.997,10.22
2026-02-20 10:10:00,,,,,0.0
2026-02-20 10:15:00,,,,,0.0
2026-02-20 10:20:00,,,,,0.0
2026-02-20 10:25:00,,,,,0.0
2026-02-20 10:30:00,0.011944933854928778,0.997,0.997,0.011944933854928778,217.435
2026-02-20 10:35:00,0.997,0.997,0.997,0.997,12.768
2026-02-20 10:40:00,,,,,0.0
2026-02-20 10:45:00,,,,,0.0
2026-02-20 10:50:00,,,,,0.0
2026-02-20 10:55:00,0.997,0.997,0.997,0.997,15.47
2026-02-20 11:00:00,,,,,0.0
2026-02-20 11:05:00,,,,,0.0
2026-02-20 11:10:00,,,,,0.0
2026-02-20 11:15:00,,,,,0.0
2026-02-20 11:20:00,,,,,0.0
2026-02-20 11:25:00,,,,,0.0
2026-02-20 11:30:00,,,,,0.0
2026-02-20 11:35:00,,,,,0.0
2026-02-20 11:40:00,,,,,0.0
2026-02-20 11:45:00,,,,,0.0
2026-02-20 11:50:00,,,,,0.0
2026-02-20 11:55:00,,,,,0.0
2026-02-20 12:00:00,,,,,0.0
2026-02-20 12:05:00,,,,,0.0
2026-02-20 12:10:00,,,,,0.0
2026-02-20 12:15:00,,,,,0.0
2026-02-20 12:20:00,,,,,0.0
2026-02-20 12:25:00,,,,,0.0
2026-02-20 12:30:00,,,,,0.0
2026-02-20 12:35:00,,,,,0.0
2026-02-20 12:40:00,,,,,0.0
2026-02-20 12:45:00,,,,,0.0
2026-02-20 12:50:00,,,,,0.0
2026-02-20 12:55:00,,,,,0.0
2026-02-20 13:00:00,,,,,0.0
2026-02-20 13:05:00,,,,,0.0
2026-02-20 13:10:00,,,,,0.0
2026-02-20 13:15:00,,,,,0.0
2026-02-20 13:20:00,,,,,0.0
2026-02-20 13:25:00,0.003,0.003,0.003,0.003,37.03
2026-02-20 13:30:00,,,,,0.0
2026-02-20 13:35:00,,,,,0.0
2026-02-20 13:40:00,,,,,0.0
2026-02-20 13:45:00,,,,,0.0
2026-02-20 13:50:00,,,,,0.0
2026-02-20 13:55:00,,,,,0.0
2026-02-20 14:00:00,,,,,0.0
2026-02-20 14:05:00,,,,,0.0
2026-02-20 14:10:00,,,,,0.0
2026-02-20 14:15:00,,,,,0.0
2026-02-20 14:20:00,,,,,0.0
2026-02-20 14:25:00,,,,,0.0
2026-02-20 14:30:00,,,,,0.0
2026-02-20 14:35:00,,,,,0.0
2026-02-20 14:40:00,,,,,0.0
2026-02-20 14:45:00,,,,,0.0
2026-02-20 14:50:00,,,,,0.0
2026-02-20 14:55:00,,,,,0.0
2026-02-20 15:00:00,,,,,0.0
2026-02-20 15:05:00,,,,,0.0
2026-02-20 15:10:00,0.9969999998661729,0.9969999998661729,0.9969999998661729,0.9969999998661729,14.944666
2026-02-20 15:15:00,,,,,0.0
2026-02-20 15:20:00,,,,,0.0
2026-02-20 15:25:00,,,,,0.0
2026-02-20 15:30:00,,,,,0.0
2026-02-20 15:35:00,0.997,0.996,0.997,0.996,271.913999
2026-02-20 15:40:00,,,,,0.0
2026-02-20 15:45:00,,,,,0.0
2026-02-20 15:50:00,,,,,0.0
2026-02-20 15:55:00,,,,,0.0
2026-02-20 16:00:00,,,,,0.0
2026-02-20 16:05:00,,,,,0.0
2026-02-20 16:10:00,0.997,0.997,0.997,0.997,5.0
2026-02-20 16:15:00,,,,,0.0
2026-02-20 16:20:00,0.997,0.997,0.997,0.997,10.0
2026-02-20 16:25:00,,,,,0.0
2026-02-20 16:30:00,,,,,0.0
2026-02-20 16:35:00,,,,,0.0
2026-02-20 16:40:00,,,,,0.0
2026-02-20 16:45:00,,,,,0.0
2026-02-20 16:50:00,,,,,0.0
2026-02-20 16:55:00,,,,,0.0
2026-02-20 17:00:00,,,,,0.0
2026-02-20 17:05:00,,,,,0.0
2026-02-20 17:10:00,,,,,0.0
2026-02-20 17:15:00,,,,,0.0
2026-02-20 17:20:00,0.003,0.003,0.003,0.003,265.21
2026-02-20 17:25:00,,,,,0.0
2026-02-20 17:30:00,,,,,0.0
2026-02-20 17:35:00,,,,,0.0
2026-02-20 17:40:00,,,,,0.0
2026-02-20 17:45:00,,,,,0.0
2026-02-20 17:50:00,,,,,0.0
2026-02-20 17:55:00,,,,,0.0
2026-02-20 18:00:00,,,,,0.0
2026-02-20 18:05:00,,,,,0.0
2026-02-20 18:10:00,0.997,0.997,0.997,0.997,5.015
2026-02-20 18:15:00,,,,,0.0
2026-02-20 18:20:00,,,,,0.0
2026-02-20 18:25:00,,,,,0.0
2026-02-20 18:30:00,,,,,0.0
2026-02-20 18:35:00,,,,,0.0
2026-02-20 18:40:00,,,,,0.0
2026-02-20 18:45:00,,,,,0.0
2026-02-20 18:50:00,,,,,0.0
2026-02-20 18:55:00,,,,,0.0
2026-02-20 19:00:00,,,,,0.0
2026-02-20 19:05:00,,,,,0.0
2026-02-20 19:10:00,,,,,0.0
2026-02-20 19:15:00,,,,,0.0
2026-02-20 19:20:00,,,,,0.0
2026-02-20 19:25:00,,,,,0.0
2026-02-20 19:30:00,,,,,0.0
2026-02-20 19:35:00,,,,,0.0
2026-02-20 19:40:00,,,,,0.0
2026-02-20 19:45:00,,,,,0.0
2026-02-20 19:50:00,,,,,0.0
2026-02-20 19:55:00,,,,,0.0
2026-02-20 20:00:00,,,,,0.0
2026-02-20 20:05:00,,,,,0.0
2026-02-20 20:10:00,,,,,0.0
2026-02-20 20:15:00,,,,,0.0
2026-02-20 20:20:00,,,,,0.0
2026-02-20 20:25:00,,,,,0.0
2026-02-20 20:30:00,,,,,0.0
2026-02-20 20:35:00,,,,,0.0
2026-02-20 20:40:00,,,,,0.0
2026-02-20 20:45:00,,,,,0.0
2026-02-20 20:50:00,,,,,0.0
2026-02-20 20:55:00,,,,,0.0
2026-02-20 21:00:00,,,,,0.0
2026-02-20 21:05:00,,,,,0.0
2026-02-20 21:10:00,,,,,0.0
2026-02-20 21:15:00,,,,,0.0
2026-02-20 21:20:00,0.004,0.005,0.005,0.004,301.86
2026-02-20 21:25:00,,,,,0.0
2026-02-20 21:30:00,,,,,0.0
2026-02-20 21:35:00,,,,,0.0
2026-02-20 21:40:00,,,,,0.0
2026-02-20 21:45:00,,,,,0.0
2026-02-20 21:50:00,,,,,0.0
2026-02-20 21:55:00,,,,,0.0
2026-02-20 22:00:00,,,,,0.0
2026-02-20 22:05:00,,,,,0.0
2026-02-20 22:10:00,,,,,0.0
2026-02-20 22:15:00,,,,,0.0
2026-02-20 22:20:00,,,,,0.0
2026-02-20 22:25:00,,,,,0.0
2026-02-20 22:30:00,,,,,0.0
2026-02-20 22:35:00,,,,,0.0
2026-02-20 22:40:00,,,,,0.0
2026-02-20 22:45:00,,,,,0.0
2026-02-20 22:50:00,,,,,0.0
2026-02-20 22:55:00,,,,,0.0
2026-02-20 23:00:00,,,,,0.0
2026-02-20 23:05:00,,,,,0.0
2026-02-20 23:10:00,,,,,0.0
2026-02-20 23:15:00,,,,,0.0
2026-02-20 23:20:00,,,,,0.0
2026-02-20 23:25:00,,,,,0.0
2026-02-20 23:30:00,,,,,0.0
2026-02-20 23:35:00,,,,,0.0
2026-02-20 23:40:00,,,,,0.0
2026-02-20 23:45:00,,,,,0.0
2026-02-20 23:50:00,,,,,0.0
2026-02-20 23:55:00,,,,,0.0
2026-02-21 00:00:00,,,,,0.0
2026-02-21 00:05:00,,,,,0.0
2026-02-21 00:10:00,,,,,0.0
2026-02-21 00:15:00,,,,,0.0
2026-02-21 00:20:00,0.003,0.003,0.003,0.003,0.51
2026-02-21 00:25:00,,,,,0.0
2026-02-21 00:30:00,,,,,0.0
2026-02-21 00:35:00,,,,,0.0
2026-02-21 00:40:00,,,,,0.0
2026-02-21 00:45:00,,,,,0.0
2026-02-21 00:50:00,,,,,0.0
2026-02-21 00:55:00,,,,,0.0
2026-02-21 01:00:00,,,,,0.0
2026-02-21 01:05:00,,,,,0.0
2026-02-21 01:10:00,,,,,0.0
2026-02-21 01:15:00,,,,,0.0
2026-02-21 01:20:00,,,,,0.0
2026-02-21 01:25:00,,,,,0.0
2026-02-21 01:30:00,,,,,0.0
2026-02-21 01:35:00,,,,,0.0
2026-02-21 01:40:00,,,,,0.0
2026-02-21 01:45:00,,,,,0.0
2026-02-21 01:50:00,,,,,0.0
2026-02-21 01:55:00,,,,,0.0
2026-02-21 02:00:00,,,,,0.0
2026-02-21 02:05:00,,,,,0.0
2026-02-21 02:10:00,,,,,0.0
2026-02-21 02:15:00,,,,,0.0
2026-02-21 02:20:00,,,,,0.0
2026-02-21 02:25:00,,,,,0.0
2026-02-21 02:30:00,,,,,0.0
2026-02-21 02:35:00,,,,,0.0
2026-02-21 02:40:00,,,,,0.0
2026-02-21 02:45:00,,,,,0.0
2026-02-21 02:50:00,,,,,0.0
2026-02-21 02:55:00,,,,,0.0
2026-02-21 03:00:00,,,,,0.0
2026-02-21 03:05:00,,,,,0.0
2026-02-21 03:10:00,,,,,0.0
2026-02-21 03:15:00,,,,,0.0
2026-02-21 03:20:00,,,,,0.0
2026-02-21 03:25:00,,,,,0.0
2026-02-21 03:30:00,,,,,0.0
2026-02-21 03:35:00,,,,,0.0
2026-02-21 03:40:00,,,,,0.0
2026-02-21 03:45:00,,,,,0.0
2026-02-21 03:50:00,,,,,0.0
2026-02-21 03:55:00,,,,,0.0
2026-02-21 04:00:00,,,,,0.0
2026-02-21 04:05:00,,,,,0.0
2026-02-21 04:10:00,,,,,0.0
2026-02-21 04:15:00,,,,,0.0
2026-02-21 04:20:00,,,,,0.0
2026-02-21 04:25:00,,,,,0.0
2026-02-21 04:30:00,,,,,0.0
2026-02-21 04:35:00,,,,,0.0
2026-02-21 04:40:00,,,,,0.0
2026-02-21 04:45:00,,,,,0.0
2026-02-21 04:50:00,0.0036907985631389885,0.0036907985631389885,0.0036907985631389885,0.0036907985631389885,36.19
