wallet,timestamp,size,price,side,tx_id,outcome
0xb6fa57039ea79185895500dbd0067c288594abcf,2026-02-20 04:52:44,20.0,0.999,BUY,0xeec69567853c73b61a1c34ec204fa85b0109ddfab1267f7ab74b95b151db93f1,No
0xe3726a1b9c6ba2f06585d1c9e01d00afaedaeb38,2026-02-20 04:52:44,77.0,0.001,SELL,0xd6f35f8f41cc6bf862ca4a0639e72d8db0ec9923bb39f524c1adfb570590917c,Yes
0xb6fa57039ea79185895500dbd0067c288594abcf,2026-02-20 04:52:46,20.0,0.999,BUY,0x8818f04ee7d18abd81134db8cafccff802f0952e4bd3abf228340c95ed103129,No
0xb6fa57039ea79185895500dbd0067c288594abcf,2026-02-20 04:52:48,10.0,0.999,BUY,0xe32e5823dcb6c57ed56002a89229b7566840a61d67e776eca5b0e11c2dc8e51a,No
0xb6fa57039ea79185895500dbd0067c288594abcf,2026-02-20 04:52:48,20.0,0.999,BUY,0xf87ca9de21caf82619d014adc7cc56c7edae4ce3f40e5686758b2ed8f1465cee,No
0xe8dd7741ccb12350957ec71e9ee332e0d1e6ec86,2026-02-20 04:52:58,176.006,0.999,BUY,0xbb48e7a51bc61a19d16c74ae7435eb0a24edf0f6aad1af1df6a1316e82941021,No
0xe3726a1b9c6ba2f06585d1c9e01d00afaedaeb38,2026-02-20 04:53:26,1.01,0.001,SELL,0x4f59b4327b596f0f02e504d2d2847ff29be9699e56508e7eba129b728dc3a900,Yes
0x63d43bbb87f85af03b8f2f9e2fad7b54334fa2f1,2026-02-20 04:53:28,110.0,0.999,BUY,0x7d3fa8f594afa784cd89f5bde9f1e52166e011b81a25dc0b2b9762eabefc9281,No
0x63d43bbb87f85af03b8f2f9e2fad7b54334fa2f1,2026-02-20 04:53:28,110.0,0.999,BUY,0x3cc481b805527411e0f6c94f39a444c95f67ecf1a9d199fc5d353a8a3f7a45d7,No
0x30cecdf29f069563ea21b8ae94492e41e53a6b2b,2026-02-20 04:54:50,6.15,0.001,SELL,0xab9f8f96b98ad549be5d33b2805c8e43f8f537655bde7266561ca8cdb87a8218,Yes
0xe8dd7741ccb12350957ec71e9ee332e0d1e6ec86,2026-02-20 05:03:36,48.698,0.999,BUY,0x0453e60a005c9aa351c2c38634efbf3868b5cf4fcfadb5a3dc1f92c925b3d18e,No
0xe8dd7741ccb12350957ec71e9ee332e0d1e6ec86,2026-02-20 05:11:32,37.147,0.999,BUY,0xfab4550ea7c78d6f76d31b6288422d097822cedda718508a512226c950b28343,No
0xe8dd7741ccb12350957ec71e9ee332e0d1e6ec86,2026-02-20 05:14:52,7.127,0.999,BUY,0xf1b909b0f0a81e3df3bac25460b0648c2d7492cc52f1c942f0ddf62ccf558ecb,No
0xe8dd7741ccb12350957ec71e9ee332e0d1e6ec86,2026-02-20 05:15:30,31.491,0.999,BUY,0x90785496d854a596974a51e419051ef4e8bb63083128ac8932a0ba01b0e8c1ee,No
0xe8dd7741ccb12350957ec71e9ee332e0d1e6ec86,2026-02-20 05:16:28,31.851,0.999,BUY,0x669fbeb65ec8dee70c4e22ffebe86457a5434d6ee58f6de7c2ea2beedba15be7,No
0xe3726a1b9c6ba2f06585d1c9e01d00afaedaeb38,2026-02-20 05:17:08,8.68,0.001,SELL,0xf915c704bc245d249a7d0e491f19c5247f820cd108b26339348dc85d0f7cf536,Yes
0xe8dd7741ccb12350957ec71e9ee332e0d1e6ec86,2026-02-20 05:19:36,45.095,0.999,BUY,0x50d5e1034454f107b6e470a7715a33949dee34fbb13339890c9b7d6bc357e1ff,No
0xe8dd7741ccb12350957ec71e9ee332e0d1e6ec86,2026-02-20 05:24:54,45.095,0.999,BUY,0x7003f5d7c35d3515ba9a5ca17594da68fd1961ecd2aca06770e19ac89ae5095a,No
0xe8dd7741ccb12350957ec71e9ee332e0d1e6ec86,2026-02-20 05:24:54,6.356,0.999,BUY,0xc185668be983906c7fbbcadd17c250b025c91df4e052736753cdf9088a5ba456,No
0xe8dd7741ccb12350957ec71e9ee332e0d1e6ec86,2026-02-20 05:25:44,22.872,0.999,BUY,0x947c8ca862e5cba8bc3eae4e1c05eb439037e153ea32b2cf2e0f025ba23d2868,No
0xe8dd7741ccb12350957ec71e9ee332e0d1e6ec86,2026-02-20 05:25:44,14.724,0.999,BUY,0x3d575755a777411354e6c3f082964a1620af4969434e605485bb4f1436e3a09e,No
0xe8dd7741ccb12350957ec71e9ee332e0d1e6ec86,2026-02-20 05:26:40,62.412,0.999,BUY,0x6f89a4d037b6718a31a7903f479a11ce7d8dca63ca736353c5c503ed7a16d40a,No
0xe8dd7741ccb12350957ec71e9ee332e0d1e6ec86,2026-02-20 05:26:40,37.597,0.999,BUY,0x9a0b78a7822c1b4a3fe561585b5848c7f4442ec770d92e9053a1e67e13bc6e7c,No
0xe3726a1b9c6ba2f06585d1c9e01d00afaedaeb38,2026-02-20 05:27:34,10.01,0.001,SELL,0x24c83510537346832fdd12fe0c927473c4711a94399cac962d1aa676a59272ea,Yes
0xe3726a1b9c6ba2f06585d1c9e01d00afaedaeb38,2026-02-20 05:28:08,2.22,0.001,SELL,0x1ac2bfb7353c4d3a4cae5ecfefc0dd949df61b081ba3404a82d764dbbcf88df0,Yes
0x30cecdf29f069563ea21b8ae94492e41e53a6b2b,2026-02-20 05:28:24,5.0,0.999,BUY,0x2dec4be523acddc53fd29c39c4da56e7569a4643964cde482f4fc11f9098c2db,No
0xe3726a1b9c6ba2f06585d1c9e01d00afaedaeb38,2026-02-20 05:28:32,6.92,0.001,SELL,0x60f003455fbccecf3b51a503a1809c8e731c0c19e4f86c2bc0285d1c84f211cc,Yes
0xe8dd7741ccb12350957ec71e9ee332e0d1e6ec86,2026-02-20 05:31:54,7.007,0.999,BUY,0x974559ff43f65f7b333616dc25c263e8d805b03114469d696bef15bb1d9b4caa,No
0xe3726a1b9c6ba2f06585d1c9e01d00afaedaeb38,2026-02-20 05:43:30,43.16,0.001,SELL,0xd1c5f5e305c8855106b43d90fa64e4e7237f1a01634d4d90190aa59de0f51a54,Yes
0xe8dd7741ccb12350957ec71e9ee332e0d1e6ec86,2026-02-20 05:43:32,2.922,0.999,BUY,0x285afe998d3b437d1ea7092baa08c518697f5595123b45bc663752bb4d453405,No
0xe8dd7741ccb12350957ec71e9ee332e0d1e6ec86,2026-02-20 05:52:08,3.053,0.999,BUY,0xe1698bf111550f53019eb99fc5cb03c980344f694298d4127ee40a3a9053c026,No
0xe8dd7741ccb12350957ec71e9ee332e0d1e6ec86,2026-02-20 06:04:26,1.121,0.999,BUY,0x9d880f5ee0614595c39a36ce004ca813450ebe0f4041890e5965a20084d7281c,No
0xe8dd7741ccb12350957ec71e9ee332e0d1e6ec86,2026-02-20 06:08:18,30.23,0.999,BUY,0x49f73341f49bf78d2fa3f9ab91bb6780cc826f7e0d8e7538f26bfdc14b660894,No
0xe8dd7741ccb12350957ec71e9ee332e0d1e6ec86,2026-02-20 06:22:12,23.713,0.999,BUY,0x34a02c3cff22070aca915e54dd47f58bebdac08e8033d81f4ca4c388aa943775,No
0x88dad8e2ea0a28cc83dc67f622d03f9b716ebfe4,2026-02-20 06:39:34,921.38,0.999,BUY,0x12be8c40e5c6957ce1b6a31216c8584c5c69452a0b8bf10f219d744b6d9db8a7,No
0xd2a94567bf4fb547e2d5ed6add6e927ad25743ed,2026-02-20 06:39:46,944.58,0.999,BUY,0xccfe6718fc5a1f844f563b6948350747351333f3330a206aef66074fccb987d3,No
0x1161844b370dc70d319f8c51df756b864cd9d30b,2026-02-20 06:40:06,917.22,0.999,BUY,0x9f058482cdd822eedd8bb30b631e9fe419b15f7440d1e0e4b7336b37c146da17,No
0x84a6ecdb28ae52c4c35d6bcf6c76e1c663b9f243,2026-02-20 06:40:16,939.21,0.999,BUY,0x7e375028e5e022e1c5096bbd048274d7eb205611d00ea219da0dc3276899b382,No
0x3f1d4c60e8cb76ce5c30ddbb055b5c597b2bd2d2,2026-02-20 06:40:32,919.93,0.999,BUY,0xdb13bf5eb10305679d50343381d66faa4bce93a3e187d4935dd3269a225aa12c,No
0x89ba3b950f8dc1ae540a07d473499489631435a5,2026-02-20 06:40:44,921.96,0.999,BUY,0xae67a146652dd46f435e64e966b3a41d041f6a5da0583de77325d59ec958e6f2,No
0x89e6f3f7c2d1d4488fe1fe132b5963a35739a8f5,2026-02-20 06:40:56,917.59,0.999,BUY,0x57f78342fcc88ce068606c64191c5a65b91ab82a8a9fbd9e988b7d34c9eeedda,No
0x8105ba68d9aafd701aa9b9e876dce2b246109c0a,2026-02-20 06:41:06,922.66,0.999,BUY,0xc135bc9513e3744954fc4f2c46fb3740ecef4007f5203b80b85fe1e0b682ae38,No
0x7b18d02d57072075c8a9372bd2d1e68908ca07bf,2026-02-20 06:41:14,910.09,0.999,BUY,0x69bfc1b3003984fcc817cecdfc98f0f9f1d1aa53dbce52ec7f28e0adae4e9624,No
0xd25baf88bf42b3dcc60301f1259ae06504e56aa5,2026-02-20 06:41:24,915.0,0.999,BUY,0xbfa50159dba168f3076a59e3a117453364306e255e968f14d288621444ac4033,No
0x75fc02aa2bf9537df1cc7fa2b50e866e67bf351e,2026-02-20 06:46:40,919.24,0.999,BUY,0xe314d7b976def84ebd0f7a919479112c8210a90bf9887120323b02b1b69a995d,No
0x648df772aa0eb7a79d733602cf75cc240b599970,2026-02-20 06:46:50,933.32,0.999,BUY,0x7297cd3d99915e5b6cbaaa2003bd618acb0c2df1cfeba2946170040c81950c4e,No
0xd938278d2e39a050b6752284fbbdca15cd914b78,2026-02-20 06:46:58,913.28,0.999,BUY,0xea04f900a17ff34dab2208f0dbd01478e794c3013f378b68eaa3191e90111b3d,No
0x94cc0522881758e3cd963a65232ddf99d6b70a5f,2026-02-20 06:47:06,935.93,0.999,BUY,0xb28221ed6c5f9ac8fd924007ec9440cf6b47a252a19f57f9cd139a4ddf4e874f,No
0x577885ae5e8272de18a838e84253bfca6d15771b,2026-02-20 06:47:16,925.09,0.999,BUY,0x98ad5298145dbf2f21145758a510a96d6ae6180bd8979dcfad2616f7b85ccdb5,No
0x0197f95415d012883a7f2c9917f0eb09b02742d5,2026-02-20 06:47:22,918.9,0.999,BUY,0xaeda3fc11a9b5e097b62a6af5d193d6136eb1087eaeabdb6e33333360398c0b5,No
0xfcacc8bc540af3894fe47b818fd41a944b9e014b,2026-02-20 06:47:30,918.3,0.999,BUY,0xa1f9038ca79ce9e305ee873d247a20be95f905db20a4cb945d1f8d3319ee9b04,No
0x81b7b698a6c37a2bc63d5a015103bfac14bea079,2026-02-20 06:47:40,944.26,0.999,BUY,0x91cd78b1cf1f9cfd8ab71f67e8b515876c4c044b91a5ace802f826c11ea7de60,No
0x3d1695dd768d5e42ae54634a71b9fe5491dc2efd,2026-02-20 06:47:48,909.63,0.999,BUY,0x551a4b0dabd9c04e9b23f66b61da64abd3fbf866a794776913ec05613086e6fb,No
0xb279127dbce010bc682ae4699938d189769b673b,2026-02-20 06:48:10,932.41,0.999,BUY,0x1571bcd760104ac1edfa142938fe7e740fcab0aa99e460d99eeca2584aba7f9d,No
0xe8dd7741ccb12350957ec71e9ee332e0d1e6ec86,2026-02-20 06:49:32,76.006,0.999,BUY,0x81b7c19a249e834a2d8ca2d4aa15cf61c6aa0f8db8cf4e9ec2988e25f56dab28,No
0xe8dd7741ccb12350957ec71e9ee332e0d1e6ec86,2026-02-20 06:50:30,23.993,0.999,BUY,0xd8af1d930290f4ce478c51fa59d3d71a2e16b86430027df112141673678dc4f2,No
0x95d4fc55f8ffc1648c2d6003f89fb4b2fcca7e93,2026-02-20 06:54:12,919.93,0.999,BUY,0xbecec4eac386b39d8dd945e602b26f1db739d4a49645b3a4dad00a0185cc359f,No
0xce6a80f76775412609985cdc59654ee460187c10,2026-02-20 06:54:22,930.97,0.999,BUY,0xa3dd42697dc3039ea8597e2eed3009f3df70e458db191363c73b96dda2b14937,No
0x9a4e052e2539d06fbe44d2340d1e41491a02f68d,2026-02-20 06:54:32,942.64,0.999,BUY,0x5281ce978d501d64056d57f894fe514ab08281d1a4d416301c9cd128df6f4a7a,No
0x6e706b7b47871074af86e92bdbf6b56abd13344c,2026-02-20 06:54:40,910.34,0.999,BUY,0x23e459d078de57a9b334a9bd5a163aaba75554bcaf2fcc1a229e500c6cdbe519,No
0xeedd2cbbb033ea59e8841315f2b95beb59304ccd,2026-02-20 06:54:48,928.41,0.999,BUY,0x39a6bffc3648a8cb82d1dc015c6d0d704a4075dd5f5555721652abb45ba6d06d,No
0x653b3a6eb0f294b0a779da9310b334d6963cfb0e,2026-02-20 06:54:58,925.93,0.999,BUY,0x9ebeb19b89f2a0fe649757e886b6877773ea0ddfacbfd5f4a742b79a741b9e24,No
0xbe62580e0adea75be1b4af2c4888e014f4695a7a,2026-02-20 06:55:06,927.52,0.999,BUY,0xc8c904c0341aeca841556f3ef571a74c2ecbf1d8295d4ef566501133647e12fe,No
0xf83647dca2034b5bcace75c2656fc784c811cb75,2026-02-20 06:55:14,925.49,0.999,BUY,0x101bbf33512554f7f7a887b5340941e7d952f1124bd469f08f13bcd2f2316def,No
0x085e781c00bb175220eb03bc28f11277d545fd43,2026-02-20 06:55:22,941.24,0.999,BUY,0xf2f97e2697c8dfd1ae9b438839346700439e3df8832fccd84a2977baed163c15,No
0xe4b1278cc56dc8ae6c3d32b1f8cc0472af4e736f,2026-02-20 06:55:30,934.04,0.999,BUY,0x41157da8aa594ef71eb7d5b0e4707454c22e2b661bcf501cd3feb8743f4d33ac,No
0xe8dd7741ccb12350957ec71e9ee332e0d1e6ec86,2026-02-20 06:56:38,50.0,0.999,BUY,0xdc865734ab97f71a244352bf79008ea4fad3311af8b74f1294dd4c5647ad0253,No
0x54e05f6d68e9b1df8c90d2cebd1055319f786bd4,2026-02-20 07:00:30,941.86,0.999,BUY,0x19dfa3dc6367b3a8ab21335199a97a5ae46ea7b36f922a3b1d166e4269e43116,No
0xce74b6b9a8e5d97c6541a7ba0ac633f72f50fd04,2026-02-20 07:00:36,923.2,0.999,BUY,0x595e07f1b9d58e62497b362655eb51b6cfdaf574d6138927885d7af620c1935e,No
0xf2e2bef9cf3fb7ac66d22c79afac383680955c2c,2026-02-20 07:00:42,913.45,0.999,BUY,0xf10ddfbfeb0b5df7cfe1838883c2dfdaab4174a0c286becbd0b544d93515c6c8,No
0x4c7beb7f8ec8b2ee75513ad641671baaf34d8539,2026-02-20 07:00:52,42161.53,0.002,BUY,0x8354517722736dfa156ecc707450677fd0637990712510c8be9e28780723351f,Yes
0xee898446c081d9371469740b52af949334630ce9,2026-02-20 07:01:00,894.61,0.999,BUY,0xa33670ccc19fb7563530d96bd14df88b0b1c39a6ccef97a7e5743d6a71e1381b,No
0xd4a2071d23729453ab4a748eedaba6b91aa276ae,2026-02-20 07:01:10,882.38,0.999,BUY,0x145e7f8ef862b22b0e52248ac47b5052c7ad0110d3105075f78270e9a5e606bd,No
0x1d58987a0599eba8cb6c228df9008322c60e68bb,2026-02-20 07:01:16,892.66,0.999,BUY,0x668c3c9ee3e069194f2ace7dcc4a170bf6b04db656b122ff337c2feecc809ef3,No
0x787a613cce62d64073df71653953186081747475,2026-02-20 07:01:34,895.06,0.999,BUY,0x99b1999f0b36963a356d35398000759b3eaa59969be79e02dde53d2d8c3df745,No
0xe8dd7741ccb12350957ec71e9ee332e0d1e6ec86,2026-02-20 07:02:24,140.0,0.999,BUY,0x87f0710766439e389be080d5a9d636fbfbd07e4c14018bfe5364a8ea34204726,No
0x7380b9a76f2f2400f83ff6f1361097a4724a7ec7,2026-02-20 07:07:14,889.38,0.999,BUY,0x2ac87b0da6495203c980f685f4db6839d8b39ddd8eceb4ce6c66733298d45592,No
0x1a3f289571a4e772a95374225ab8335759875d4c,2026-02-20 07:07:26,894.99,0.999,BUY,0x56999fcd123581a64cd142a357b0d539b326c6e37ee388562f7c577098869ac1,No
0xae18254e6b9e767384ea26e701bec5e49b9c2bb1,2026-02-20 07:07:34,898.72,0.999,BUY,0xa6f299c80b15c100179d7f9d5fc465b847dfb048cb14120939e83ee892196103,No
0xf84b70701267cfafa7c0a472386e003853d7d755,2026-02-20 07:07:42,883.46,0.999,BUY,0xcec24aa490f06b7af9f56427531bb4808aa3f870e8b406f11b4c1450af37897a,No
0xc0ba2b372b93f1b501e4260f0b3150eca70602bf,2026-02-20 07:07:50,894.84,0.999,BUY,0x0fba451173f639bd0b9c19db648052804479968e2f0148f99c12411efd1b8002,No
0x4dff17cefe72e5dad9c4111fd7c74236043e4955,2026-02-20 07:07:58,886.6,0.999,BUY,0xc67c10b6370d7a22d290d31b8a67a892e67e30626b036dcd39bb4f05139e5e32,No
0xb4c03c2b0fec0cdf4471e0deecc70b758bcfa2ce,2026-02-20 07:08:06,899.75,0.999,BUY,0xf098151ee4a62aa6240d1e1339ca2f059f1a9020c466f8572ab9cf6aa3ef8fb4,No
0x524003fe9d01889927d8f603d4dc4ccae1f92505,2026-02-20 07:08:14,898.35,0.999,BUY,0x7065f2a86560e61a5e0386dc9063d4c2f9a81834610e9de905cc2480e675e308,No
0xe8dd7741ccb12350957ec71e9ee332e0d1e6ec86,2026-02-20 07:12:10,25.005,0.999,BUY,0x9eaff343ef9ad4854383b82f339d5ca4a57f32373f27c4bdd017241e20b40775,No
0xe8dd7741ccb12350957ec71e9ee332e0d1e6ec86,2026-02-20 07:24:28,10.27,0.999,BUY,0xc197c485d77dba1b89e9270e95afc44e1f76555f694b0fd88d31a92ec35a6631,No
0xe8dd7741ccb12350957ec71e9ee332e0d1e6ec86,2026-02-20 07:25:14,12.482,0.999,BUY,0x6f1ebd7369512b14529bc56e2d59505b17a999d5133c7a9e91d6c62bdd95214e,No
0x30cecdf29f069563ea21b8ae94492e41e53a6b2b,2026-02-20 07:26:54,5.0,0.999,BUY,0x98fbb274b9c9d744883784582c4242ca33dfbc883fd4ecf167a73b42c2012da5,No
0xe8dd7741ccb12350957ec71e9ee332e0d1e6ec86,2026-02-20 07:44:00,9.299,0.999,BUY,0x38b9ce7cb1294caa2fb05e0c632352f6876552bedab1ba3a845de63199b52f6b,No
0xe8dd7741ccb12350957ec71e9ee332e0d1e6ec86,2026-02-20 07:44:30,20.53,0.999,BUY,0x680249ba8fb3ca40c1da8fd61952d25fd82e06b032d9dbf514705697424724d9,No
0xe8dd7741ccb12350957ec71e9ee332e0d1e6ec86,2026-02-20 07:46:32,2.572,0.999,BUY,0x5c945d042985697432aa9cd86f0773ad7e9212b0ee8d8b25f80b9f3367487811,No
0xe8dd7741ccb12350957ec71e9ee332e0d1e6ec86,2026-02-20 08:01:56,13.823,0.999,BUY,0x50f9712b2c0d062b519793180152d6bed11b02108d54d34131ec7cf956757d8d,No
0xe3726a1b9c6ba2f06585d1c9e01d00afaedaeb38,2026-02-20 08:02:12,2.91,0.001,SELL,0x9995c2c7e181db3bc85edb30d19796f1084e50ec055d73c7a4296bead7aefde4,Yes
0xe3726a1b9c6ba2f06585d1c9e01d00afaedaeb38,2026-02-20 08:02:12,4.3,0.001,SELL,0x4e2b8bacbd66302b593e82a910000d08a28fa6d3e16692f4e000e6a23449992a,Yes
0xe8dd7741ccb12350957ec71e9ee332e0d1e6ec86,2026-02-20 08:02:12,8.048,0.999,BUY,0x66c29cb5241f9e93c1ab6e4ed61606e4c4ec110174dd3da14a13b93c07971790,No
0xe8dd7741ccb12350957ec71e9ee332e0d1e6ec86,2026-02-20 08:06:56,22.702,0.999,BUY,0x87b47683ac1b9b46a0498acb69ac932c04b63099cc52b735b9094553bdaad9c1,No
0xe3726a1b9c6ba2f06585d1c9e01d00afaedaeb38,2026-02-20 08:23:00,47.89,0.001,SELL,0x02dd5d90c1ae675531e3a960217ae1f92c435538aafc7e5d887db7137a55cb71,Yes
0xe8dd7741ccb12350957ec71e9ee332e0d1e6ec86,2026-02-20 08:30:04,23.593,0.999,BUY,0x52602adc6fb0971cceeb07de817a104dec0f5ba038fe8a28ecc82a6067140536,No
0xe8dd7741ccb12350957ec71e9ee332e0d1e6ec86,2026-02-20 08:30:04,26.416,0.999,BUY,0x20c90181b1814217bcefa9ee04b892876b94564cc6403b9b4a8c9eb31bb30dc7,No
0xe3726a1b9c6ba2f06585d1c9e01d00afaedaeb38,2026-02-20 08:40:52,13.69,0.001,SELL,0x66ab111ca0ffbee0f960c47ddbc9b146dcabf9f62090166efa18d46617ffc487,Yes
0xe8dd7741ccb12350957ec71e9ee332e0d1e6ec86,2026-02-20 08:46:46,19.009,0.999,BUY,0x252307b69e5b3a59e16f470cc73242feb343f529dd4d78b81454eff4536cbfbc,No
0xe3726a1b9c6ba2f06585d1c9e01d00afaedaeb38,2026-02-20 08:46:46,2.66,0.001,SELL,0x3277e2a0575344f67bb9290f5009b67caa1e680d65fe5b51bdd1c1bb461a5aee,Yes
0xe8dd7741ccb12350957ec71e9ee332e0d1e6ec86,2026-02-20 08:46:48,20.19,0.999,BUY,0xf29f2edfb56dd9f0a03e0827a6dc2813c5abb2ed61dca7c0da9e679f931eb92c,No
0xe8dd7741ccb12350957ec71e9ee332e0d1e6ec86,2026-02-20 08:51:34,15.755,0.999,BUY,0xc0e47a957647cf4558812da95d4fc7fd7e6bd016ad7247747138830620dac72b,No
0xe8dd7741ccb12350957ec71e9ee332e0d1e6ec86,2026-02-20 08:53:56,37.417,0.999,BUY,0x54c61f178e5ba6ceb772b3d29c60e46f96df8dfa5694076647c451b65ea85fde,No
0xe8dd7741ccb12350957ec71e9ee332e0d1e6ec86,2026-02-20 08:53:56,27.007,0.999,BUY,0xab1caa78a0868afc667fb83d3738129cec46847ba13dd626d3e332549e3df343,No
0xe8dd7741ccb12350957ec71e9ee332e0d1e6ec86,2026-02-20 08:54:00,51.581,0.999,BUY,0x0e6658db9257d8d105321d7a1b8de6b847b05527cb5301d4ceb87ce8a193761d,No
0xe8dd7741ccb12350957ec71e9ee332e0d1e6ec86,2026-02-20 08:54:12,155.515,0.999,BUY,0x9f4ac5f6d6177e690e73084b3dbb355a454b8574f1c2761a2ec38fc4c1c82eb3,No
0xe3726a1b9c6ba2f06585d1c9e01d00afaedaeb38,2026-02-20 08:54:30,90.0,0.001,SELL,0x3a633c0726eeba58ee1a7f00e1ef2d7a46aa6c12d3dcac9a0a8f7281591faee1,Yes
0xe8dd7741ccb12350957ec71e9ee332e0d1e6ec86,2026-02-20 09:03:52,26.006,0.999,BUY,0x9551737b479ebf8784e5c23c0b9b2b23b32aba051114f808f7f030b3afffa0ae,No
0xe3726a1b9c6ba2f06585d1c9e01d00afaedaeb38,2026-02-20 09:04:20,1.21,0.001,SELL,0x4765f3cf75f6de5a8493f83c30a4c19eb4bf39067b7e990287dd991d44f507b7,Yes
0xe8dd7741ccb12350957ec71e9ee332e0d1e6ec86,2026-02-20 09:07:32,19.109,0.999,BUY,0x94db29373752c8e9636b1491e11fd9400ddc83081057cea3d13a3f49241cd674,No
0xe3726a1b9c6ba2f06585d1c9e01d00afaedaeb38,2026-02-20 09:13:16,8.24,0.001,SELL,0x005e3b107115dec051f9db8e49ec3437716fa43b0890b1fd849d8be4a978215d,Yes
0xe8dd7741ccb12350957ec71e9ee332e0d1e6ec86,2026-02-20 09:13:18,38.988,0.999,BUY,0x0c45feeed0e625519cc94a5a400a5e945ebb5ab9980da6a74d30dfd16ba1c8f2,No
0xe8dd7741ccb12350957ec71e9ee332e0d1e6ec86,2026-02-20 09:15:34,24.974,0.999,BUY,0xa8ac5b4362797b3af3fd1fcf0bafef5e53843591c67697496dd2ea1b1a96c616,No
0xe3726a1b9c6ba2f06585d1c9e01d00afaedaeb38,2026-02-20 09:16:06,31.06,0.001,SELL,0x4e6dcbaece58ed71b9c6ac3c1bf0c23e65146af16348df479efb3855aa70ef9b,Yes
0xe3726a1b9c6ba2f06585d1c9e01d00afaedaeb38,2026-02-20 09:18:04,3.17,0.001,SELL,0x534b9d4b0893a5d4dcaaba4c20b9ed38c5077c1b41ffab5051ddea8dd27b175b,Yes
0xe8dd7741ccb12350957ec71e9ee332e0d1e6ec86,2026-02-20 09:18:04,10.75,0.999,BUY,0xbdbca49436889df894e1816b663d8283997fe65a4184cc82b0b5b3436a4fe354,No
0xe3726a1b9c6ba2f06585d1c9e01d00afaedaeb38,2026-02-20 09:18:16,21.87,0.001,SELL,0x7a9a99e6ef33020a33e1f5a0fd5f3651473f9a2ee2d601d6c6d7d4059aa3f992,Yes
0x30cecdf29f069563ea21b8ae94492e41e53a6b2b,2026-02-20 09:20:14,10.38,0.999,BUY,0x2981202bbf6ea52f89e7b9e56f22668f50fb612431bffd75a1b0b44111a10fb8,No
0x0a94c46c07026ba0b7bc2aa6a827ddd7293f3421,2026-02-20 09:33:42,25.09,0.999,BUY,0xf76681182d7056b8077f428c34a72278de371c7a62516a5e5a10ee229195b4a2,No
0x142166b20cbfa4ae87c41cc851462c09229621e3,2026-02-20 09:35:18,653.46,0.002,BUY,0xc31c484145f4d4776b0600a36a1298832cd7bfd627cd09eea24165d3ecd9c909,Yes
0x9d54697b134789542faed0db31ecf486284e6737,2026-02-20 09:35:28,584.15,0.002,BUY,0xa8033bef6c3a733e213d65cd65b92ab87f6e29fc57f61e396ef4c9dd36d18684,Yes
0xdf8fa084f7867890d58905893a9c54a434ff0bb8,2026-02-20 09:35:34,569.3,0.002,BUY,0xf4428a952bb6af6466a871bb944e6e95b480997599897ac9714af9cd7f58a700,Yes
0x413b86db9b009f10396c08c388bbc238b1075b76,2026-02-20 09:35:50,25.94,0.999,BUY,0x9bac67a0d20a0471930c09657cfe9051010c5bb9e84d2d499f754826c07e3db9,No
0x30cecdf29f069563ea21b8ae94492e41e53a6b2b,2026-02-20 09:40:20,5.09,0.999,BUY,0x2d9d06decb38c60a9a98f30d6f8b7bb6fb25d9be01b6645757c9970a5d9e64c7,No
0xe8dd7741ccb12350957ec71e9ee332e0d1e6ec86,2026-02-20 09:40:46,5.105,0.999,BUY,0x85891255b2bea69803945761d8fea8982ae24f34bb77eb78a8446d76a2034fbd,No
0xe8dd7741ccb12350957ec71e9ee332e0d1e6ec86,2026-02-20 09:47:24,38.108,0.999,BUY,0x06df4576df35f448d2eae0580118ea838202f3e19e6dae671a3adb18252ba7fa,No
0xe8dd7741ccb12350957ec71e9ee332e0d1e6ec86,2026-02-20 09:58:34,10.0,0.999,BUY,0x120cbb9556fdfaf9701b012aa12fceba84f1caea86b33b16c174955e6a7bfd29,No
0xe8dd7741ccb12350957ec71e9ee332e0d1e6ec86,2026-02-20 10:15:42,54.014,0.999,BUY,0x3d7efdddd91ba9a9fc24fcd5d58c1c4a1bdedc0e3d8619b062410e93b7e42fa6,No
0xe8dd7741ccb12350957ec71e9ee332e0d1e6ec86,2026-02-20 10:15:42,40.35,0.999,BUY,0x300a00601fbe2314f5936a6f255214854951d8d324b433d4d1b60f9a1f56bd3d,No
0xc1ff0721be94d8353e422b72ea38b4d56fe525f1,2026-02-20 10:21:14,500.0,0.001,SELL,0xe64ef7099d5c6a29c11be0983298112013d083bb1e3f84b74ad7b8c54fb6cb88,Yes
0xa86889156b8ecfd161aa88c396c2fe1bce198341,2026-02-20 10:55:50,500.0,0.002,BUY,0xf99a0a2bbf3c97d5e86e1ae929323ca8e3d57124721a1c5fc00be4b94dcd4f07,Yes
0x8026a755bd1d7b540d972c2ff555b99aa2d36718,2026-02-20 11:04:06,2.002,0.999,BUY,0x90c696ecea14f3dbc760dc076d1c33c59fbab5baa02f38f1cd432c015fb4d524,No
0xe8dd7741ccb12350957ec71e9ee332e0d1e6ec86,2026-02-20 11:56:50,54.484,0.999,BUY,0x98ad52403ba1f6b3611f456e51f37b063a6f8a945a7d585af0fbe3753d19c5e6,No
0xe8dd7741ccb12350957ec71e9ee332e0d1e6ec86,2026-02-20 11:56:50,20.1,0.999,BUY,0xe9f910ad4cab34ef80fd74d654248527c2b911b48907a8807a43a76b62decb4b,No
0xe8dd7741ccb12350957ec71e9ee332e0d1e6ec86,2026-02-20 11:56:50,44.464,0.999,BUY,0x444da5435c7d9660049b803861faba941c9ead5d4ae96ca6efca6c5a0d37082a,No
0xe8dd7741ccb12350957ec71e9ee332e0d1e6ec86,2026-02-20 11:56:52,24.144,0.999,BUY,0x1e1682c1e419fe0b02bbe3da0ade2a66f3b12bbeaeba240c32e4bfd31eec19f8,No
0xe8dd7741ccb12350957ec71e9ee332e0d1e6ec86,2026-02-20 11:56:52,21.381,0.999,BUY,0x4d282231c2b2500b4ec4987a40d4e0bf174e1b7b18d24455f6e1e64b8d35304e,No
0xe3726a1b9c6ba2f06585d1c9e01d00afaedaeb38,2026-02-20 11:57:20,10.17,0.001,SELL,0x4f1a5973286c3f779275a2bcd43587c34a0733e16b910866f38ab71ae9b4ab1e,Yes
0x653cc4b32b629e3d298f261d891a82289695a026,2026-02-20 12:00:46,30.75,0.002,BUY,0x8b5de71a5dba4ba81f8935264698412905cd20913c2db2356fe9597ac21ce7d9,Yes
0xe3726a1b9c6ba2f06585d1c9e01d00afaedaeb38,2026-02-20 12:14:12,59.83,0.001,SELL,0x43fa62608f46ddb06776dcd778c0be977de11f3ac04a7d5bbae5321bd4f29c84,Yes
0x6586fb56a335aeb953b09b299eb181de3ffd497c,2026-02-20 12:14:12,3.7,0.999,BUY,0x01d7ec66966751fd9b41066f54856bf2fdcb231c1a0dd0e95b9bee630e62886e,No
0x30cecdf29f069563ea21b8ae94492e41e53a6b2b,2026-02-20 12:14:26,8.65,0.999,BUY,0x64de23286be1b0079d5345a514c037511918053581f28e86de6fdb38c4a44d2f,No
0xe8dd7741ccb12350957ec71e9ee332e0d1e6ec86,2026-02-20 12:14:32,24.034,0.999,BUY,0x4005699b17c6ce5c607ce8e9a235a55258283212f69163d63a210ad700351aa8,No
0xe8dd7741ccb12350957ec71e9ee332e0d1e6ec86,2026-02-20 12:14:32,44.624,0.999,BUY,0x35839c1821b20c426195b5d4b5ede27645722040cbf8686f5e1f0d484c3a0b0c,No
0xe8dd7741ccb12350957ec71e9ee332e0d1e6ec86,2026-02-20 12:14:32,29.529,0.999,BUY,0xe0b2bc963284bcc642bc4c31521d0fe8fe037aed1ec917e1b6f85ba81935b925,No
0xe3726a1b9c6ba2f06585d1c9e01d00afaedaeb38,2026-02-20 12:14:44,77.79,0.001,SELL,0x49871d4120bd4834e9546fe9b16975dd5c768293f65a37ab2d5c7d868f87cdaa,Yes
0xe3726a1b9c6ba2f06585d1c9e01d00afaedaeb38,2026-02-20 12:14:46,3.21,0.001,SELL,0x353bb09c0657f7422d3638b4a0ad57e75d1d81ae405c3368a69d78e9d35e0779,Yes
0x30cecdf29f069563ea21b8ae94492e41e53a6b2b,2026-02-20 12:14:58,7.86,0.999,BUY,0x5aa64624f060004dd927f1921fc386b4991bfd7b937e8b3be419c4c51470c0b5,No
0xe3726a1b9c6ba2f06585d1c9e01d00afaedaeb38,2026-02-20 12:19:52,11.93,0.001,SELL,0xa4e504092bd58c4fde30e4f1766e579d8745dda3ec145f88e537fbf3a97bf971,Yes
0xe3726a1b9c6ba2f06585d1c9e01d00afaedaeb38,2026-02-20 12:20:22,41.07,0.001,SELL,0x44bec399bb333c7e551f8a9290b5c3c11c24ffeef76a520074247086a3d82a5d,Yes
0xe3726a1b9c6ba2f06585d1c9e01d00afaedaeb38,2026-02-20 12:20:24,5.83,0.001,SELL,0x5bdff5a7131dd9345cfbf0ff52d1a98b776fd36452dc5298bc8af12dd7388885,Yes
0x30cecdf29f069563ea21b8ae94492e41e53a6b2b,2026-02-20 12:20:36,5.83,0.999,BUY,0x27a037035b6982859e39471f468b472d9e0d891be295a4fc5ce51caa87453d9e,No
0xe8dd7741ccb12350957ec71e9ee332e0d1e6ec86,2026-02-20 12:20:46,40.54,0.999,BUY,0xfdd1a85644ab3b4b8f206d349481730c72b3d82b89d4b57a4a447dbf7dec499e,No
0xe3726a1b9c6ba2f06585d1c9e01d00afaedaeb38,2026-02-20 12:22:06,3.53,0.001,SELL,0x11c4d524b2c44305b94befab320e220f80b9406d58e20db7c8f7fad4652f919f,Yes
0xe8dd7741ccb12350957ec71e9ee332e0d1e6ec86,2026-02-20 12:22:06,23.363,0.999,BUY,0xe686abca6a9bf673e5a36eddb93e1d7cb7cdbafcb99829e2b1de8aabbefab644,No
0xe8dd7741ccb12350957ec71e9ee332e0d1e6ec86,2026-02-20 12:23:42,6.106,0.999,BUY,0xc6e6b822c873cf6ca57a35cf5748de98dbaab79aa19292bd9cba0e846622a5fb,No
0x0f398c56c94de5618a9410438b98aa5a432faf10,2026-02-20 12:28:14,1000.0,0.001,SELL,0x4eec141c7e9f8d731cfb974850e3e5093b1501481348bcd688da996f6c91c5c7,Yes
0xe8dd7741ccb12350957ec71e9ee332e0d1e6ec86,2026-02-20 12:32:52,25.515,0.999,BUY,0x0a95a0aa6bfbd80505d43d40738a07b94a5ff0c73a594f7680f7e41c97b8acc5,No
0xe3726a1b9c6ba2f06585d1c9e01d00afaedaeb38,2026-02-20 12:33:50,14.66,0.001,SELL,0x4cd5585825b2545fe6210cf862038ae0490e5c69e901782d0222e1b3ed27f237,Yes
0xe3726a1b9c6ba2f06585d1c9e01d00afaedaeb38,2026-02-20 12:39:04,13.01,0.001,SELL,0x0e80d7bc78c197d37806f3ed6b17efc30559698cb11d04780b68d87231f7aa18,Yes
0xe3726a1b9c6ba2f06585d1c9e01d00afaedaeb38,2026-02-20 12:43:30,112.61,0.001,SELL,0x37200f26f15191866b1dd5e32530916c7aac106faf03f79c5976790a462ac48d,Yes
0xe8dd7741ccb12350957ec71e9ee332e0d1e6ec86,2026-02-20 12:46:22,43.543,0.999,BUY,0x7f367eda24232801c4b37f6e58573c251af08eace94486d8f631dd0d2d5b3964,No
0xe3726a1b9c6ba2f06585d1c9e01d00afaedaeb38,2026-02-20 12:52:04,1.18,0.001,SELL,0xf1b1f56f42139b44ed48dae49f2334e6012e5cd320f342e5acdb320aee26003e,Yes
0xe3726a1b9c6ba2f06585d1c9e01d00afaedaeb38,2026-02-20 12:52:18,43.29,0.001,SELL,0xa2adc16de2bdc6a889d22d526296ebd2cac16f5bfa2adac347d25fceb11e49a2,Yes
0xe3726a1b9c6ba2f06585d1c9e01d00afaedaeb38,2026-02-20 12:53:56,13.67,0.001,SELL,0x6f7c4e5c91350243c7f9836cfe51a8b1e3d9282a3d1df3e218fe5a4468f26cdc,Yes
0x5eb6d868a76c91a4bb6e9b5e16b9cc84911fd907,2026-02-20 12:55:08,12500.0,0.002,BUY,0x2e758c3eaa7739141b50fccb424238630d2927afdede76a8a819a40088ed5fd8,Yes
0xe8dd7741ccb12350957ec71e9ee332e0d1e6ec86,2026-02-20 12:58:56,45.365,0.999,BUY,0x0e6c2b7568cb3d4bcbbb6a3afb4f5943ba464007df65cc2f641f7a26e697f9a1,No
0xe3726a1b9c6ba2f06585d1c9e01d00afaedaeb38,2026-02-20 13:26:50,4.06,0.001,SELL,0x2098c46c6fd15e5bc08c32f07db74d4ec12544399f21e00d6e1b69e63ccc4612,Yes
0xc1ff0721be94d8353e422b72ea38b4d56fe525f1,2026-02-20 13:39:46,1032.0,0.001,SELL,0x6ef07b15b1a19e993d19ea78385a01bc68bbf75e6d07062a45ef41f2d414bc7c,Yes
0x7f8a077d73a6d7ea3a1db682d277b35dd748b212,2026-02-20 14:31:34,6550.0,0.001,SELL,0xeee211fbaa8f9677bb6841d3cc80d3550863b7a7b623d0b19b9442ab08e54e6d,Yes
0xe8dd7741ccb12350957ec71e9ee332e0d1e6ec86,2026-02-20 14:32:10,26.416,0.999,BUY,0x13043d3478206088fee98a2921412c2ea5f968e1e8cc68c68cd992ffad35921c,No
0xa86889156b8ecfd161aa88c396c2fe1bce198341,2026-02-20 14:43:08,500.0,0.002,BUY,0x2d9cff6ddb3493e48c74c18645a7bdfd9b375861e45053ad4e2520a5d9c31100,Yes
0x50146825872545b71d644a469b62c1e0f1659cff,2026-02-20 14:56:16,140.36,0.999,BUY,0x27a48c3e99f1d780e194d36d1d5a7405b575331c600232f7ba37aec9b64096b2,No
0x7c5846831799defc1c63ac0d813a7665f7d6f411,2026-02-20 15:29:46,139.619,0.999,BUY,0xa80c091754be01d36fcd8b7ab3e52a3fa332427a2c4cfbfbda1b3ff3f434ad19,No
0x44fcc075191b9e0334fc124d1f704b2f00ed7be3,2026-02-20 15:54:36,683.16,0.002,BUY,0x0060f55f2c9ebcc5d0021df1658bcb1011d439118ad67fa0aebb6e863fd9d364,Yes
0x1216c3bd2269a1e9b2dcf96d303c3d74a678c698,2026-02-20 15:54:44,29.08,0.999,BUY,0x82eaff78be50e8c7f0f25a0fbd16cf4c9ab6d6edc34d41005c4f2786b55f6269,No
0x06da799cac80581ed7f05884e05aff29f36bf934,2026-02-20 15:55:34,613.86,0.002,BUY,0x34cd67ab30602cded693d641eeceb8d86569a0067e4ff3c883682e247449a10b,Yes
0x00e942ef33ecc5f0d85450f8d97cd753c67e587e,2026-02-20 15:56:04,12.22,0.999,BUY,0xefbe1b118da468fe8bc3eb2405b72fb5e925aed30c7bc89325e57302eb839b59,No
0x962f9adbd0f121a9a104d3aab3835da60006fdda,2026-02-20 15:56:10,569.3,0.002,BUY,0xeed8912d478dbfc213fc672d2b6c64df63dac35c9691ef033ddd8cf0d9c35ed0,Yes
0x125a027fdae5cdbedb9a43d2dbb8b602a0a5ad23,2026-02-20 15:56:36,10.98,0.999,BUY,0x8e783f58dd9c8680fbd8f6ac71cc5754d0463e816c234f6af5762431957dbe41,No
0xe8dd7741ccb12350957ec71e9ee332e0d1e6ec86,2026-02-20 16:01:48,37.277,0.999,BUY,0x9f9f454b52b148350ed548f4c0f76d4cffda2dfc3527d803fdad13287be3e12c,No
0xe8dd7741ccb12350957ec71e9ee332e0d1e6ec86,2026-02-20 16:07:52,26.556,0.999,BUY,0xc3e2b83cdcbb0b6e589f383b61df8bf756c029d61b7f19e0e3054d2e96ceecd8,No
0xe3726a1b9c6ba2f06585d1c9e01d00afaedaeb38,2026-02-20 16:09:30,29.43,0.001,SELL,0x50ae6c131ce3ce026b901c454e9ce8fd2f9c5bd28fa4526fcd5461719c6c6fae,Yes
0xe8dd7741ccb12350957ec71e9ee332e0d1e6ec86,2026-02-20 16:09:42,26.356,0.999,BUY,0x16a3e69e2ed6d2671a3c24cd5fc9119ba50ab0942a848c0413fa62741de22990,No
0xe8dd7741ccb12350957ec71e9ee332e0d1e6ec86,2026-02-20 16:20:22,26.926,0.999,BUY,0x8f6c32cf16e8abb4a37fea681093eac605d6bb7fc879747e91779cee38f43a94,No
0xe3726a1b9c6ba2f06585d1c9e01d00afaedaeb38,2026-02-20 16:20:42,30.0,0.001,SELL,0x8567d44fd4c489218643ef6a8dada425aa856e138f61a27b7f10c531f105e6b5,Yes
0xe3726a1b9c6ba2f06585d1c9e01d00afaedaeb38,2026-02-20 16:22:04,4.24,0.001,SELL,0x803281a8fb0ee410ec10283ed0b24378272daebaf47d28184107e12ffbfdd71a,Yes
0xe3726a1b9c6ba2f06585d1c9e01d00afaedaeb38,2026-02-20 16:25:00,23.77,0.001,SELL,0x9778849a949e41592c56da1e920b3fe2bf2bd5ac4b1c5f261308b8389f16fdd9,Yes
0xe3726a1b9c6ba2f06585d1c9e01d00afaedaeb38,2026-02-20 16:27:34,2.39,0.001,SELL,0xb135226826787ea80f93bf5568ab80f2fb1b99ffb76de3c43e37393aef3f16a7,Yes
0x2bc80b4592536070509b7e1eef28fae37f520318,2026-02-20 16:33:12,121.891,0.999,BUY,0x0506e816db762ceeda17b2bef6eb37b7d76d9972242c23d631bf5c500cfd2fff,No
0xe3726a1b9c6ba2f06585d1c9e01d00afaedaeb38,2026-02-20 16:40:18,53.0,0.001,SELL,0x8581d9fae51f298daa90581251ad0867691996f612548680b6d2f1cde603d885,Yes
0xe3726a1b9c6ba2f06585d1c9e01d00afaedaeb38,2026-02-20 16:40:24,50.0,0.001,SELL,0xb724b9278878709691bfb815141efdf714dbd3b10db1afa00bc0f37bafad6210,Yes
0xe3726a1b9c6ba2f06585d1c9e01d00afaedaeb38,2026-02-20 16:40:58,83.16,0.001,SELL,0x0163f1aaea6f598235202ad85790574ffe0e7e155181d20f7966c92644f01a94,Yes
0x30cecdf29f069563ea21b8ae94492e41e53a6b2b,2026-02-20 16:41:14,3.71,0.999,BUY,0x5357260460ad2f32b6eee38c879ebbd13922b13c7144c70ec826090cb42cffe5,No
0xe8dd7741ccb12350957ec71e9ee332e0d1e6ec86,2026-02-20 16:42:36,9.319,0.999,BUY,0xc2a1a8c6301ccea4dd0501c3092185953a47aa3dbdaef9f94b508c0a2f92c817,No
0xe8dd7741ccb12350957ec71e9ee332e0d1e6ec86,2026-02-20 16:42:48,50.96,0.999,BUY,0xc647b0b9ad77bc94909c4c0b18d03f1d3a60609ef277352841b7d01f680ee3d2,No
0xe8dd7741ccb12350957ec71e9ee332e0d1e6ec86,2026-02-20 16:46:34,31.521,0.999,BUY,0xa448ac2fa37b683df9092d157860b8bccccca28888e55bce0f6373da295cc8da,No
0xbb7e80417ccabd5e6190b679432a21e46257f1be,2026-02-20 16:47:46,4989.989,0.999,BUY,0x1b8e90e15fae69246c08f478144fc8cd4aa85385be5fa5205e565baa499182db,No
0x7163c6a6580b8201c4c51bd29188c196f6b2d55d,2026-02-20 16:50:18,138.008,0.999,BUY,0xdfa446d84dcf60ff6778210f82d656c8061d06753c772b375035b8b4657cffda,No
0xea5c06b0ad511a5174e35d107d9df401b7072075,2026-02-20 17:02:20,125.155,0.999,BUY,0x2f1397e612be00d31c8375f221a2d9067e354ac56ee089cd64ccae7ab01b93d9,No
0xbb7e80417ccabd5e6190b679432a21e46257f1be,2026-02-20 17:03:24,4989.98,0.998,SELL,0xa66ddf1beff4fb8805b2e5b26a0ec14216a55dc49856a6b6e830e0f5f597f103,No
0x2897633146356cd2ef249ae0e82c631335fdcaa0,2026-02-20 17:12:04,46.04,0.998,SELL,0x79aa781719926a57668af13308a9a629d571efa0503c2349ed035b6d6f08f6ee,No
0xe8dd7741ccb12350957ec71e9ee332e0d1e6ec86,2026-02-20 17:50:00,1.521,0.999,BUY,0xaa2d9efc340a717fea536394503f25a6f28d3d3ec7390626ff9244915eb1e298,No
0xe8dd7741ccb12350957ec71e9ee332e0d1e6ec86,2026-02-20 17:52:02,23.783,0.999,BUY,0x247ff841b2ee3e37aae5005f65b85412df11637e39551f5308c63ea22df2d64a,No
0xe3726a1b9c6ba2f06585d1c9e01d00afaedaeb38,2026-02-20 17:52:22,42.29,0.001,SELL,0x5aeef6170296ef97ae6ad1ad400c13e1625fb6e1ab5ac963140bba32ce623e60,Yes
0xe3726a1b9c6ba2f06585d1c9e01d00afaedaeb38,2026-02-20 17:53:16,9.42,0.001,SELL,0xe2d73685ca5e8afbe6816c4fedc17ed5b52c34b2f674cf91c3bf4f2cb2756ad7,Yes
0x50146825872545b71d644a469b62c1e0f1659cff,2026-02-20 18:01:12,140.36,0.998,SELL,0x9900ac627ca4d7e86d7f95742c8e8eb7886711f2e2b7a42b86823759aa966f09,No
0x7c5846831799defc1c63ac0d813a7665f7d6f411,2026-02-20 18:12:58,139.61,0.998,SELL,0xb23d731df541360a38fdee167f8c6386ae3159abdcd9a5b3b384c5496c7d89a6,No
0xe3726a1b9c6ba2f06585d1c9e01d00afaedaeb38,2026-02-20 18:22:20,93.28,0.001,SELL,0xa2da5f751e8830bde2639297714e6c2f588e2715b7f24226f914d428c1214fef,Yes
0xe8dd7741ccb12350957ec71e9ee332e0d1e6ec86,2026-02-20 18:22:22,38.038,0.999,BUY,0x0d014fb9b1e2dddaa85d012d3febfc6c143c965c1864ffdb25a3018bdb500b14,No
0xe3726a1b9c6ba2f06585d1c9e01d00afaedaeb38,2026-02-20 18:33:18,36.34,0.001,SELL,0xe389706a0ef01ca08661815e374ef6897922c4d5da06a9be9a36e933ba445122,Yes
0x2bc80b4592536070509b7e1eef28fae37f520318,2026-02-20 18:40:36,121.89,0.998,SELL,0x6ceff6abc68468986b6aaf60253c2188ed6d16cea82fc0fc8cd6274bc3c4b3ed,No
0xe3726a1b9c6ba2f06585d1c9e01d00afaedaeb38,2026-02-20 18:45:44,42.33,0.001,SELL,0x1c7b035bbc365626556859c171c7517a3c4480f5dba435f681beb4b7f291211a,Yes
0xe3726a1b9c6ba2f06585d1c9e01d00afaedaeb38,2026-02-20 18:46:22,36.83,0.001,SELL,0xb5cba4cc065fa48298a4a7adaa8ffab24d9b53bea334cf8eb56b9f03acbb0fff,Yes
0xe8dd7741ccb12350957ec71e9ee332e0d1e6ec86,2026-02-20 18:50:34,11.001,0.999,BUY,0xff2a24d9f10ac2b2120d0ad216eafd222a70849bac283561bec4f48434643177,No
0x7163c6a6580b8201c4c51bd29188c196f6b2d55d,2026-02-20 18:55:04,138.01,0.998,SELL,0x3caa742d428d7f0832fcc355ea6f7782b4ec2ba18a174556a33eac96e19e9bd9,No
0xe3726a1b9c6ba2f06585d1c9e01d00afaedaeb38,2026-02-20 19:00:30,31.82,0.001,SELL,0x550c295d8991099c94791d69e78d4fd6c6fe34b90ecc3c7a3c8c1886566328ad,Yes
0xe8dd7741ccb12350957ec71e9ee332e0d1e6ec86,2026-02-20 19:01:14,15.685,0.999,BUY,0x10e525da2e63f3f31fdc5ab56465af64d7b90a43c94cb501b16aae7297bb1224,No
0xea5c06b0ad511a5174e35d107d9df401b7072075,2026-02-20 19:05:20,125.15,0.998,SELL,0xa91801fc574a778112c7226b4a1efcf16dff46762cd5d5fa8ec878727541f337,No
0xe3726a1b9c6ba2f06585d1c9e01d00afaedaeb38,2026-02-20 19:18:04,16.3,0.001,SELL,0x4f850ea30fbb113620862d379238b416683af6d11c047acb36812ccd687c2673,Yes
0xe8dd7741ccb12350957ec71e9ee332e0d1e6ec86,2026-02-20 19:29:16,143.453,0.999,BUY,0x30802addaf3bd6e059d64536508807c290572c88b132a62427a8759342dc007f,No
0xbc56ef0662229bb1431586892d7d33c5070171ca,2026-02-20 19:40:22,140.94,0.999,BUY,0x420f3c8a475b82fdc9579ec77df6b22e1c0371c77f87d7f39154a0ad1de16aa8,No
0xe8dd7741ccb12350957ec71e9ee332e0d1e6ec86,2026-02-20 19:46:18,14.564,0.999,BUY,0xebdf191b22cd6c7bafdd30d032e88cdcf0291b0d9a0b32032a208aae233cd437,No
0x5579ea552ec2c63f1276930fac380a0b9fc43d04,2026-02-20 20:15:54,123.833,0.999,BUY,0x1d014c757f78aacf789806f334d90c653db132c1f35bb5d8129e9c1dc74b5ab6,No
0x30cecdf29f069563ea21b8ae94492e41e53a6b2b,2026-02-20 20:23:16,22.26,0.999,BUY,0x80bb5de6e888fa01d6847c9e1d025897b73323006f1f7d2713f4e74259bb70a6,No
0xe3726a1b9c6ba2f06585d1c9e01d00afaedaeb38,2026-02-20 20:24:08,31.81,0.001,SELL,0xf3707081d1d40d56604ac9c62431a173fd6d8e0ee705d0d390a3448ee6958837,Yes
0xe3726a1b9c6ba2f06585d1c9e01d00afaedaeb38,2026-02-20 20:24:20,40.16,0.001,SELL,0x7622e2ce12afb5fecda31bf39079892e87e0e418a6018cdfe8ed327636f5ea64,Yes
0x63d43bbb87f85af03b8f2f9e2fad7b54334fa2f1,2026-02-20 20:24:20,11.19,0.999,BUY,0x5339f3784d7a1bd86c5c71be89e9c1f3434ac213020b04c9a8d0d736012c0bed,No
0x30cecdf29f069563ea21b8ae94492e41e53a6b2b,2026-02-20 20:24:36,23.44,0.999,BUY,0xc76ef1f20686437d26f49c8c9d2b4b94ac8c007ebe27530b66ed90fae709ae18,No
0x30cecdf29f069563ea21b8ae94492e41e53a6b2b,2026-02-20 20:26:46,18.51,0.999,BUY,0xb8b08974a2f473fe6617fc5a7a65b9d643de42ab0b40f4c75bfce0a78b3b678c,No
0xe3726a1b9c6ba2f06585d1c9e01d00afaedaeb38,2026-02-20 20:28:10,7.15,0.001,SELL,0x4f64a2a2a7a249667a9ccbf172011bcf3dd39090e6275f1d523ba026871ed35a,Yes
0xe3726a1b9c6ba2f06585d1c9e01d00afaedaeb38,2026-02-20 20:28:24,37.04,0.001,SELL,0x578f12bdcf5f876dbd75c567272e3ed49e3e504106cbaa2d2e5222c8edc0a370,Yes
0xe3726a1b9c6ba2f06585d1c9e01d00afaedaeb38,2026-02-20 20:28:30,8.44,0.001,SELL,0x29d931490538043540821a69ab2a14902c26014e81801d48063b21a6e5639b96,Yes
0x30cecdf29f069563ea21b8ae94492e41e53a6b2b,2026-02-20 20:30:04,19.55,0.999,BUY,0x47db3baefc8b4aae441bae5afb834a4de1b720559ddc980b881444d79cc8b96d,No
0x30cecdf29f069563ea21b8ae94492e41e53a6b2b,2026-02-20 20:35:00,10.0,0.999,BUY,0x29871fdead19289f0bb2f373a761274e8b422399f12cce6e0709b225f83b9974,No
0xe3726a1b9c6ba2f06585d1c9e01d00afaedaeb38,2026-02-20 20:38:10,45.99,0.001,SELL,0x05bdd1b7c131c07bd1b7e6e4ce8d43f2ee397bf85902b8d8dab7848c7af2ee05,Yes
0x30cecdf29f069563ea21b8ae94492e41e53a6b2b,2026-02-20 20:38:24,23.45,0.999,BUY,0xa46955b706f50bf4c8ca5c45784862e1fd372bfa2d3d179ab2a3ea56d70afb87,No
0xe3726a1b9c6ba2f06585d1c9e01d00afaedaeb38,2026-02-20 20:38:50,6.79,0.001,SELL,0x2cc9dcf2f6eca82be5a36ef4e62e2425e499fe634281df765ecda8927c15215b,Yes
0xe3726a1b9c6ba2f06585d1c9e01d00afaedaeb38,2026-02-20 20:38:50,21.52,0.001,SELL,0xb91bd36918560d6ca316f94570df20dca1d179210d394783bae6fee660b2c47e,Yes
0xe3726a1b9c6ba2f06585d1c9e01d00afaedaeb38,2026-02-20 20:38:54,12.69,0.001,SELL,0xcd7a4c4317e38fd098cbd8b48355e722dcc821fb3da4fc7cd09b616d523b776b,Yes
0xe3726a1b9c6ba2f06585d1c9e01d00afaedaeb38,2026-02-20 20:39:26,21.13,0.001,SELL,0x7b486cfe3f6548b46811a77293e86d7ddb094e1525d037146b9ff643909c9a09,Yes
0xe3726a1b9c6ba2f06585d1c9e01d00afaedaeb38,2026-02-20 20:39:48,5.19,0.001,SELL,0xb16071adeeb00267d34a1274d813f6ac476682382ae8fc41266c25ec6735c8ab,Yes
0x30cecdf29f069563ea21b8ae94492e41e53a6b2b,2026-02-20 20:41:08,2.25,0.999,BUY,0x3e6c729f50c09a70249b91a4b75858d0b9728ce5d897bf43c95b131aab70714d,No
0xe3726a1b9c6ba2f06585d1c9e01d00afaedaeb38,2026-02-20 20:46:16,25.14,0.001,SELL,0xb670698cf157105ec828d87f4ae0089f6e55c4bf35d7d9469719900df1795e93,Yes
0x30cecdf29f069563ea21b8ae94492e41e53a6b2b,2026-02-20 20:46:30,4.86,0.999,BUY,0xf9d83e10c9ccfbd9d61a720f83a0e33190ef8dff2195de7f0dbff0fdbe706467,No
0x41eb2da8fdeacccc7a7f5475afeab963e9655db2,2026-02-20 20:49:00,138.258,0.999,BUY,0x427cb6706e0c0d4b8ff1909f6e80eb4a91ff41ed5a522a5808f5f8b0fc7d1f52,No
0x47cde9fb9f336e3bd7289a29d03ae49b553d9a96,2026-02-20 20:56:18,108.888,0.999,BUY,0x5f74ad3bec202cd0aa423e8ae02ff89cbb5fa336f2edb0c9f4d29e3ce5c79ac8,No
0xe8dd7741ccb12350957ec71e9ee332e0d1e6ec86,2026-02-20 20:59:46,12.532,0.999,BUY,0xd1456601852403df67fde8023b58b6b3da647ab7a144fcf81d5928caf00147e9,No
0xe3726a1b9c6ba2f06585d1c9e01d00afaedaeb38,2026-02-20 20:59:48,20.95,0.001,SELL,0x75ad0174d2b4ec63ff5d237cab1616a4b4e7b0e362c8e102620f16cc0ea94c5a,Yes
0xe8dd7741ccb12350957ec71e9ee332e0d1e6ec86,2026-02-20 21:17:16,3.333,0.999,BUY,0x28676c7eb05288d2da8aaa2e46b97c52958ec5bf7e4f453abb8e770f72118140,No
0xe3726a1b9c6ba2f06585d1c9e01d00afaedaeb38,2026-02-20 21:17:52,20.26,0.001,SELL,0x91381c46ffb3fcb040cfbd2806c2b54aad0c165bc2782be9207c0adc72db3214,Yes
0xe8dd7741ccb12350957ec71e9ee332e0d1e6ec86,2026-02-20 21:20:26,76.406,0.999,BUY,0xc2df15e07efc0d3cff0a5aac0c971ddef5e832dd0549a3ed7559e58cc0cba061,No
0xe3726a1b9c6ba2f06585d1c9e01d00afaedaeb38,2026-02-20 21:20:26,9.72,0.001,SELL,0xdc57d3984a9b87c02f0d177de2d158706a837d2b5cf318c952799d187ffe6f23,Yes
0xe8dd7741ccb12350957ec71e9ee332e0d1e6ec86,2026-02-20 21:20:26,35.255,0.999,BUY,0x4faa8c5316db1e2b4bb87a1650f45f63b59bf2e843d9bac9bfc175f9876461bf,No
0xe3726a1b9c6ba2f06585d1c9e01d00afaedaeb38,2026-02-20 21:20:28,86.13,0.001,SELL,0xd2ba69c3b0a4a6bee47ada00d3ce9e18d1c18af368a2bdfe3b26074b9997aa27,Yes
0xe8dd7741ccb12350957ec71e9ee332e0d1e6ec86,2026-02-20 21:22:44,5.445,0.999,BUY,0x9aefeed7ef0a14e422c1451b8c9395fa9cbbdb0ff8c4cabf1648fb4ee3a4cf75,No
0xe3726a1b9c6ba2f06585d1c9e01d00afaedaeb38,2026-02-20 21:24:46,6.87,0.001,SELL,0x6a649805598fe3b77a97cf9802c6f6db72a068cc6c9f137b4beab46d2a036b32,Yes
0xe8dd7741ccb12350957ec71e9ee332e0d1e6ec86,2026-02-20 21:27:34,8.878,0.999,BUY,0x7fa10ef754e6cf250f534da6091d03994a04026ddc5e57bdbd2df537a44f6267,No
0xe8dd7741ccb12350957ec71e9ee332e0d1e6ec86,2026-02-20 21:27:34,20.27,0.999,BUY,0x78b84e758e04a12a959c48817b0de987ea5b7c523fe30e714d32c908b11f65ec,No
0x30cecdf29f069563ea21b8ae94492e41e53a6b2b,2026-02-20 21:32:50,23.55,0.999,BUY,0xd31afa17f5a924819859a177a63c8f635dc2bddabbdcab0bd1c91bfc522ee4c2,No
0xe8dd7741ccb12350957ec71e9ee332e0d1e6ec86,2026-02-20 21:32:58,30.0,0.999,BUY,0x791016c378fa2c5ad672192f53d1642dc489d75d6358c57ee6d2b5672aac7fc0,No
0xe8dd7741ccb12350957ec71e9ee332e0d1e6ec86,2026-02-20 21:33:30,22.662,0.999,BUY,0xa69a2584240439c13e4a8957f7a768d7a2aeba70f432b6acb62597d182ee2baa,No
0x30cecdf29f069563ea21b8ae94492e41e53a6b2b,2026-02-20 21:34:46,23.55,0.999,BUY,0x38aaa473358cb9bddbb775aa09f2d7cfe7850f28a3c02747e1d560b1989c00c4,No
0xe8dd7741ccb12350957ec71e9ee332e0d1e6ec86,2026-02-20 21:35:58,22.662,0.999,BUY,0xd7c14a1ac957dfce29d9490aeb002506009a33d277d9bda72b14fe3aeaf99373,No
0xe3726a1b9c6ba2f06585d1c9e01d00afaedaeb38,2026-02-20 21:36:12,138.0,0.001,SELL,0xeb3a432175934c7835645cfe77190907ad88960f190db30477fbf9dc80282480,Yes
0xed6228c88b47a0f481f68c457a0cce85cd9c35f7,2026-02-20 21:39:50,281.28,0.998,SELL,0xd1e8170e5f6d7bc37d01599fded509467e50f2e24403db3167f0e39cbdd507d1,No
0x30cecdf29f069563ea21b8ae94492e41e53a6b2b,2026-02-20 21:40:46,19.98,0.999,BUY,0xac3698dde132961610c663f8356b77ab8dcedab98de0f3c193d28643d36bda76,No
0xe3726a1b9c6ba2f06585d1c9e01d00afaedaeb38,2026-02-20 21:41:28,17.35,0.001,SELL,0xfc380abcf5869e3aa4e101d3544ae68a643d85b862ffe46879de05818a36acf9,Yes
0xe3726a1b9c6ba2f06585d1c9e01d00afaedaeb38,2026-02-20 21:43:10,33.93,0.001,SELL,0xf2c6c5e2250ff1723dbd6f0ad60d1cc6aa51cc19927ec6046dc7e189f5e49fc4,Yes
0xe8dd7741ccb12350957ec71e9ee332e0d1e6ec86,2026-02-20 21:43:12,37.337,0.999,BUY,0xbff985b532f92843354f2099add158a89d2307228660833a6c5751dd3d1e0db9,No
0xe8dd7741ccb12350957ec71e9ee332e0d1e6ec86,2026-02-20 21:43:12,26.706,0.999,BUY,0x6f0388c0e0edd085790389f2ceaa15788200482b4c48f9f6dee5aa805d96236d,No
0xe8dd7741ccb12350957ec71e9ee332e0d1e6ec86,2026-02-20 21:43:14,42.882,0.999,BUY,0x422261872f51a3dfb06be10502ccef81c34b242fe7639b6fd153fb1c06db2916,No
0x30cecdf29f069563ea21b8ae94492e41e53a6b2b,2026-02-20 21:45:36,6.08,0.999,BUY,0x9bf7ebe0387fecdfb71703ca01acba4453e81743157bd37de2095cba062857f0,No
0xe8dd7741ccb12350957ec71e9ee332e0d1e6ec86,2026-02-20 21:47:00,3.923,0.999,BUY,0xa0043a7ca0ac065fd00bed2d9217ecb2e04b42e7c05d6cd597122fbf138e8bf1,No
0xe8dd7741ccb12350957ec71e9ee332e0d1e6ec86,2026-02-20 21:48:12,35.915,0.999,BUY,0x7f17ee2537611d3b64b5479c481d5f45562c0d5a2a95ebc5a95d28b66842b204,No
0x30cecdf29f069563ea21b8ae94492e41e53a6b2b,2026-02-20 21:48:16,19.23,0.999,BUY,0x449cfd5e82407f9cd88ee58c494abcf86b0015fcdb5a50f869db62b97f2dc01b,No
0x30cecdf29f069563ea21b8ae94492e41e53a6b2b,2026-02-20 21:49:46,3.67,0.999,BUY,0x1bfc8395394315d469b785be921620876e6f7869eaa9a808252d2f213e6bad7b,No
0xe8dd7741ccb12350957ec71e9ee332e0d1e6ec86,2026-02-20 21:51:02,6.736,0.999,BUY,0x8503201d06acca644808ead5be796a1438f00ed91950049b07750c4e930f4dde,No
0x6459d659494b3bd420db285b43033ff00ab58f41,2026-02-20 21:56:26,1.901,0.999,BUY,0xfe4db3a6bf34309363dc1d990c1d55042195563b6b0d74dcad60e5d748a5846b,No
0x30cecdf29f069563ea21b8ae94492e41e53a6b2b,2026-02-20 21:58:20,22.1,0.999,BUY,0x3c4cc88b39641931791395bbc296f3b7496d12ee4a7f122fc85a36731804d790,No
0xe3726a1b9c6ba2f06585d1c9e01d00afaedaeb38,2026-02-20 21:58:52,31.62,0.001,SELL,0x7024550ad08790b040326c9812cc43f1620a6b972a73e9a69bbace56cc08b585,Yes
0x30cecdf29f069563ea21b8ae94492e41e53a6b2b,2026-02-20 22:00:30,23.66,0.999,BUY,0xe7c93bfac58ae90c426fb534acb44f47022770a624ab16ba57afd95f04208e71,No
0x30cecdf29f069563ea21b8ae94492e41e53a6b2b,2026-02-20 22:03:08,23.66,0.999,BUY,0x8924f89d0013cd8b0ba27195deb698cdf285a0da03b9b9babb02c00bd6cf680b,No
0xe3726a1b9c6ba2f06585d1c9e01d00afaedaeb38,2026-02-20 22:04:18,22.46,0.001,SELL,0xaf5f63abe4b82cf9b81a788c6adeaddc3a6a5a54874843523e06c563202b87e1,Yes
0x30cecdf29f069563ea21b8ae94492e41e53a6b2b,2026-02-20 22:05:02,23.66,0.999,BUY,0xfdbbc4b3651129c41efc10b21c6594ba1554df1c454fdf88d3c886802d42c07b,No
0xe3726a1b9c6ba2f06585d1c9e01d00afaedaeb38,2026-02-20 22:05:12,25.51,0.001,SELL,0xe41d73cfc43c80b8f61377f291d4822b8bbff8dacbf2dbf74f6606c9a193e1a3,Yes
0x30cecdf29f069563ea21b8ae94492e41e53a6b2b,2026-02-20 22:07:54,22.95,0.999,BUY,0x3c467d33787d151e75344c826e4ded64234d42c748993ec3bdab37b956739bae,No
0xe3726a1b9c6ba2f06585d1c9e01d00afaedaeb38,2026-02-20 22:08:34,7.5,0.001,SELL,0x5182d649f5442eba5a706f23e5bb6cfe9198275d614a02744ab1d2060884b711,Yes
0xe3726a1b9c6ba2f06585d1c9e01d00afaedaeb38,2026-02-20 22:09:02,3.72,0.001,SELL,0x8e181e768fbd15c6de90468c5280a97bfc2b251e75cde868c5789b14dad9bf55,Yes
0xe3726a1b9c6ba2f06585d1c9e01d00afaedaeb38,2026-02-20 22:09:04,3.95,0.001,SELL,0x6ee74102a29a8f5448074aff7b93d89af080019717e9c835868acf0419f9f82d,Yes
0xbc56ef0662229bb1431586892d7d33c5070171ca,2026-02-20 22:19:02,140.94,0.998,SELL,0xc6b69e5c29461eea258156e865cca7b41081df3fdea3aa21832cdfd5a36932a8,No
0xe3726a1b9c6ba2f06585d1c9e01d00afaedaeb38,2026-02-20 22:26:58,14.45,0.001,SELL,0xd88ddf7b25b445b40f2d85cbe832dbf8b69f93a3616eae2a6d275b8d527912f1,Yes
0xe3726a1b9c6ba2f06585d1c9e01d00afaedaeb38,2026-02-20 22:27:06,32.29,0.001,SELL,0x582552573e70d31b7e40c54ccc0836969217b66df0961c63ad88c9a475f5ee05,Yes
0xe3726a1b9c6ba2f06585d1c9e01d00afaedaeb38,2026-02-20 22:27:40,14.98,0.001,SELL,0x8e0e1daa796d6a10d1787dd3cf24262e54ae6a858c91138dedd6c698b18fd35f,Yes
0x30cecdf29f069563ea21b8ae94492e41e53a6b2b,2026-02-20 22:27:50,12.82,0.999,BUY,0x289d5c100be173dd016d4819b2920ca12c183660d1f630aea7c8924454cb1314,No
0x30cecdf29f069563ea21b8ae94492e41e53a6b2b,2026-02-20 22:34:24,14.93,0.999,BUY,0xf40f828653f05fe2deac554943da01a50f8d33a1579b412a4dae6940e893eb29,No
0x30cecdf29f069563ea21b8ae94492e41e53a6b2b,2026-02-20 22:35:58,23.67,0.999,BUY,0x5cd1de16f903aba96a409f4c85e5c863f937b9dc05bc59cb70fe388c1e64c468,No
0xe3726a1b9c6ba2f06585d1c9e01d00afaedaeb38,2026-02-20 22:36:18,61.4,0.001,SELL,0x56fe8b734c5bd38c7773c7a00ec2ff2f90cb709b82162cb6c298cf3f8950998a,Yes
0x30cecdf29f069563ea21b8ae94492e41e53a6b2b,2026-02-20 22:37:44,14.93,0.999,BUY,0xe0c6a0081e275846be17c357b63e3abb8c6a798017892699d412d8274c3890ef,No
0x30cecdf29f069563ea21b8ae94492e41e53a6b2b,2026-02-20 22:38:44,1.71,0.999,BUY,0x377ac855f4418b4d918b66c41e1231c58af33714bf5a422adf73f74d021529ba,No
0x30cecdf29f069563ea21b8ae94492e41e53a6b2b,2026-02-20 22:39:34,17.95,0.999,BUY,0xc8b8a52d687dee8a1a8eb282b7469ae8cd787e419a7dc4cee5676ea8aaaecbd4,No
0x30cecdf29f069563ea21b8ae94492e41e53a6b2b,2026-02-20 22:40:14,5.31,0.999,BUY,0xae6392dbdb97c7aa36576fdea22738effd933ab3e5954b90e336604bedc7aada,No
0x30cecdf29f069563ea21b8ae94492e41e53a6b2b,2026-02-20 22:41:36,4.18,0.999,BUY,0x0fd9b5f8248eac6ae935366ba933d15e3378ef0804ba1551da1a67d43d8737dd,No
0xe8629736723227a4ae1a95b1ec64846ad5b26811,2026-02-20 22:41:40,71.071,0.999,BUY,0xcc0c3332c4ebdbf81cd5d72f0e425ba340d11fc756065f338f40175d8ec07e8e,No
0x5579ea552ec2c63f1276930fac380a0b9fc43d04,2026-02-20 22:45:36,123.83,0.998,SELL,0x75ded7c01269b414df66f0fe4e92df0f07593b55ba2e9437f2c296592def4569,No
0x30cecdf29f069563ea21b8ae94492e41e53a6b2b,2026-02-20 22:46:56,23.67,0.999,BUY,0x6523ae580bcaf4e6377bfbe3144c3502ec1cf9d35726100eb67a89b67a118b6c,No
0xe3726a1b9c6ba2f06585d1c9e01d00afaedaeb38,2026-02-20 22:47:48,10.85,0.001,SELL,0x7426315408cb12f5a24aaaef04956706b2b1e72921d37bb8dc65efbe57f062df,Yes
0x30cecdf29f069563ea21b8ae94492e41e53a6b2b,2026-02-20 22:49:06,10.0,0.999,BUY,0x2737f246739fd42e7fc20182df4b82f127f2a2f096aef39ac39d7fe882a10030,No
0xe3726a1b9c6ba2f06585d1c9e01d00afaedaeb38,2026-02-20 22:49:58,10.95,0.001,SELL,0x5737a25bb331bf3762557f38453c56b62fd2a184415dc6915a3176e5b844e57d,Yes
0x30cecdf29f069563ea21b8ae94492e41e53a6b2b,2026-02-20 22:50:12,23.67,0.999,BUY,0xadda0d235ce20cb83592d1ad7541fe8cb02dbfd014d90fba4f6b3310f8abd122,No
0xe3726a1b9c6ba2f06585d1c9e01d00afaedaeb38,2026-02-20 22:50:22,10.64,0.001,SELL,0x7d60fbcb36799d828b3477868652a544d098c58e3af6bf8d2b0116914006a480,Yes
0xe3726a1b9c6ba2f06585d1c9e01d00afaedaeb38,2026-02-20 22:52:32,15.35,0.001,SELL,0x13efb71d5907c70334b759efb533325af71a24bccd5ea22e2a50e3d485cbe2cf,Yes
0x30cecdf29f069563ea21b8ae94492e41e53a6b2b,2026-02-20 22:52:32,9.07,0.999,BUY,0x0d22830d0ac523ba86e9a46d94a7a7bce61704fa6808edfc6c52ec81ec4b7767,No
0x30cecdf29f069563ea21b8ae94492e41e53a6b2b,2026-02-20 22:53:20,10.69,0.999,BUY,0xe5eba3111d14763a113d2c3a129a3856bfd1d0975d79a5907f1c49adca2fc704,No
0x30cecdf29f069563ea21b8ae94492e41e53a6b2b,2026-02-20 22:54:34,1.78,0.999,BUY,0xaf3ed24fedfcbfa03faf0fa7a30d514d3b2c3c8a2adc08b9d539fc8571100707,No
0xe3726a1b9c6ba2f06585d1c9e01d00afaedaeb38,2026-02-20 22:54:46,26.53,0.001,SELL,0x14dc154855e51b874338d1b51f46082ec82b937c9135562936d83222c2795985,Yes
0xe3726a1b9c6ba2f06585d1c9e01d00afaedaeb38,2026-02-20 22:57:34,9.99,0.001,SELL,0xe6eb09cb72b111d6d94692d47bbda37676b9412656096ef5b055a1fda94c21fd,Yes
0xe3726a1b9c6ba2f06585d1c9e01d00afaedaeb38,2026-02-20 22:57:42,11.29,0.001,SELL,0x84d99a233477cd82e2f0fa7ee1be9aad433890a01aed5e9566d69c790174c4f5,Yes
0x30cecdf29f069563ea21b8ae94492e41e53a6b2b,2026-02-20 22:58:06,7.41,0.999,BUY,0x56b19eee3b0a93e872d957cd0700353589a1d2ce2dd9d572eb0f4ed36b3f309b,No
0x65432f9352a1f4398993f1ee243ca937ae86f089,2026-02-20 22:59:24,88.088,0.999,BUY,0xd8591fa1d82265da8abc447b168da0cec631a2031b5257e531cf1e28ea824028,No
0x30cecdf29f069563ea21b8ae94492e41e53a6b2b,2026-02-20 23:00:30,22.59,0.999,BUY,0xb138ac2c304ffded9cf1e84bfee537ede981d01e51461c46a76a656e9de84a85,No
0x30cecdf29f069563ea21b8ae94492e41e53a6b2b,2026-02-20 23:01:12,1.86,0.999,BUY,0x406ffb647c136f4474e05ec59f4867e61003b6a402bdd5fc83a25c6043560198,No
0x30cecdf29f069563ea21b8ae94492e41e53a6b2b,2026-02-20 23:02:44,12.55,0.999,BUY,0x9080cfb94bab07495e66d052b8291d78c0ad4edc0f905d7de2ec93eb1bc8d3b1,No
0x30cecdf29f069563ea21b8ae94492e41e53a6b2b,2026-02-20 23:04:04,10.0,0.999,BUY,0x7126aa0c7d04c76cede1c080e629a7423ed0ebf7f286d6a3295391a4da89e98f,No
0x30cecdf29f069563ea21b8ae94492e41e53a6b2b,2026-02-20 23:04:50,14.02,0.999,BUY,0xf7ed81c3447f2d8af5f50cc0b5050878dfafa3a023264bfc9202a6b13ce2fa72,No
0xe3726a1b9c6ba2f06585d1c9e01d00afaedaeb38,2026-02-20 23:05:04,13.64,0.001,SELL,0x80a480141a3165c0298fa7d2c60390085d04c8d1993abf5b5446135beb996c5e,Yes
0xe3726a1b9c6ba2f06585d1c9e01d00afaedaeb38,2026-02-20 23:06:36,38.75,0.001,SELL,0x42f058c04078fa3865c0fa0c9167a1c91072f46f84847c9fc3c030454ca86168,Yes
0xe3726a1b9c6ba2f06585d1c9e01d00afaedaeb38,2026-02-20 23:06:40,22.5,0.001,SELL,0xd804ac7154f0c62b2b3e9b7ec2a9886810c643217e081a347c7f56a8ae31463c,Yes
0xe3726a1b9c6ba2f06585d1c9e01d00afaedaeb38,2026-02-20 23:06:44,1.1,0.001,SELL,0xeb241ba533f9f3100930a1242d5461ee67082c6591e41f866d8a7eb43afdeff4,Yes
0x30cecdf29f069563ea21b8ae94492e41e53a6b2b,2026-02-20 23:06:44,21.4,0.999,BUY,0xdf54501554851a81751e4c2f6da7c325f5fdb23025ce4e5cde0cd448ef79c528,No
0x41eb2da8fdeacccc7a7f5475afeab963e9655db2,2026-02-20 23:10:04,138.26,0.998,SELL,0x7d46e2f38de97c9d1ee2fe0f0c4e056a982d5b16b94cb9dc69ddbc12db448474,No
0xe3726a1b9c6ba2f06585d1c9e01d00afaedaeb38,2026-02-20 23:10:30,4.43,0.001,SELL,0x5296702e714031a7ce4866a3fe8d79a1fbdf9858872fd6ddd53f7558c2bbf269,Yes
0x30cecdf29f069563ea21b8ae94492e41e53a6b2b,2026-02-20 23:10:44,9.31,0.999,BUY,0x4bf639a9e1183204a0e2b875b7b43ef62db73ebc9c954e06223cf72080d3c05f,No
0xe8dd7741ccb12350957ec71e9ee332e0d1e6ec86,2026-02-20 23:13:54,23.553,0.999,BUY,0x4e9da73e46f5623dd5b53de32194495de32a96e1bef770bd8b3fbd5e95bbe6cc,No
0xe3726a1b9c6ba2f06585d1c9e01d00afaedaeb38,2026-02-20 23:15:26,21.93,0.001,SELL,0x33b8ab11b53512eeb38853cf808587c3750e63e49eaa4359a5d6640eb77d03ef,Yes
0x47cde9fb9f336e3bd7289a29d03ae49b553d9a96,2026-02-20 23:15:44,108.89,0.998,SELL,0xa896be081ef46b1ca6fb1f6023a1b54438ea086faefd1d7a47e839fc70aac7cc,No
0x30cecdf29f069563ea21b8ae94492e41e53a6b2b,2026-02-20 23:16:04,23.67,0.999,BUY,0x511aa3dea0e9cf47efcf520eb66fe40dea006695d2f15e05dc46b9386e53bc38,No
0x30cecdf29f069563ea21b8ae94492e41e53a6b2b,2026-02-20 23:18:00,23.1,0.999,BUY,0xf7dd3ae2b6f66b8f39a84cfcd75b39acbaae892d6325f16a4e2815aeea6efca1,No
0x30cecdf29f069563ea21b8ae94492e41e53a6b2b,2026-02-20 23:19:16,23.68,0.999,BUY,0x2ada60def1b52b3dae0d29951103e04900adc8739e87ff51709a579d001d9712,No
0xe3726a1b9c6ba2f06585d1c9e01d00afaedaeb38,2026-02-20 23:20:02,56.26,0.001,SELL,0x84a148ec230ef077c5246d190671cdd6466f62c8ec36e634946cb94fc974f4b1,Yes
0x30cecdf29f069563ea21b8ae94492e41e53a6b2b,2026-02-20 23:21:08,23.68,0.999,BUY,0x032afea41c691889b943dd7ee5598c2615bca509622ac1e38f1679d6b4f2b5c5,No
0x30cecdf29f069563ea21b8ae94492e41e53a6b2b,2026-02-20 23:23:06,23.67,0.999,BUY,0x468d1ec8df5fa0ae06565c2e4ffda65149812717677bbcef1fe60cdd5ed8c073,No
0xe8dd7741ccb12350957ec71e9ee332e0d1e6ec86,2026-02-20 23:23:16,10.13,0.999,BUY,0xfaae7a38c911cf2f3d8fdecccb5fe3149d0130daf483d79b02175b1a0bc0e3bf,No
0x30cecdf29f069563ea21b8ae94492e41e53a6b2b,2026-02-20 23:25:08,23.67,0.999,BUY,0xf75ef173ecc3f7ab42d6a94b6bf949c5aa0e82da93d2f5f840c3da7e9194f1b9,No
0xe8dd7741ccb12350957ec71e9ee332e0d1e6ec86,2026-02-20 23:25:22,4.904,0.999,BUY,0xf0cb092c9fd3ebb64d352113f1299d8d1a3ebd77d4b3a3a31dbf4cba17efaa07,No
0xe8dd7741ccb12350957ec71e9ee332e0d1e6ec86,2026-02-20 23:25:42,6.426,0.999,BUY,0xd771c90cc7354695cae35c7ccbd1ba04f22cc4c449ac6c35b307760ab02b8843,No
0xe8dd7741ccb12350957ec71e9ee332e0d1e6ec86,2026-02-20 23:25:42,18.758,0.999,BUY,0xe6fda184920244cd29d30004e2f32a31bb5e2f8c2ab529e1521c55272717ca4c,No
0xe8dd7741ccb12350957ec71e9ee332e0d1e6ec86,2026-02-20 23:25:42,29.639,0.999,BUY,0x46fdbcee29e3eab768500ff65e1274e0fedfb1ed66043fbbc15ae0fe8e8f16b7,No
0xe8dd7741ccb12350957ec71e9ee332e0d1e6ec86,2026-02-20 23:27:38,25.045,0.999,BUY,0x0099a99215565303fe308088cb6eccf5fab923601650dd404ce882dc09d370bf,No
0xe8dd7741ccb12350957ec71e9ee332e0d1e6ec86,2026-02-20 23:27:38,35.595,0.999,BUY,0x21698cca4bc1f6375149fd296c8be951e82933812d095031a33a8f3b32c930e5,No
0xe8dd7741ccb12350957ec71e9ee332e0d1e6ec86,2026-02-20 23:27:38,57.057,0.999,BUY,0x5fecb162d35a7a003855e54fa0d6ff3be26e8181bc6b8ec6db404b16d7065233,No
0x30cecdf29f069563ea21b8ae94492e41e53a6b2b,2026-02-20 23:27:40,12.36,0.999,BUY,0x82d3d91df294178eac2a4dbc2269ec769006b4e3e92406d77c180a202323d44d,No
0xe8dd7741ccb12350957ec71e9ee332e0d1e6ec86,2026-02-20 23:28:02,21.271,0.999,BUY,0x6f1ed210d1ddf30c128e55c62cc0a318f3a2a7d79226b461433312d598499b0e,No
0xe3726a1b9c6ba2f06585d1c9e01d00afaedaeb38,2026-02-20 23:29:38,45.33,0.001,SELL,0x8ee768799b457d961caaf502282f31008de1183c6b8e93b540a593d0e44af290,Yes
0x30cecdf29f069563ea21b8ae94492e41e53a6b2b,2026-02-20 23:29:54,23.68,0.999,BUY,0x7e8af9a77de8a1a735bc11fc2c7b51b46811602baa170828f162b932483231d8,No
0xe8dd7741ccb12350957ec71e9ee332e0d1e6ec86,2026-02-20 23:31:10,12.542,0.999,BUY,0x5c74d21502460cd917aaef425e0ea9c4648ed0978a666504a57893f1abdf8219,No
0x30cecdf29f069563ea21b8ae94492e41e53a6b2b,2026-02-20 23:31:18,22.97,0.999,BUY,0xb87170eac688049f387123fae9fc09d7d661ac5f54f18b9684fab0edd2708f10,No
0x30cecdf29f069563ea21b8ae94492e41e53a6b2b,2026-02-20 23:33:58,23.68,0.999,BUY,0xc51442d03afac5eb9692bc855c852d4e0e4fe7f79dccc294cd57d8c8aaa44407,No
0xe8dd7741ccb12350957ec71e9ee332e0d1e6ec86,2026-02-20 23:34:56,8.748,0.999,BUY,0xca7f6a39c584c19dc95d1333df0b4f2d5faab6999550a6c357ae199e0140b0fe,No
0xe8dd7741ccb12350957ec71e9ee332e0d1e6ec86,2026-02-20 23:35:20,35.395,0.999,BUY,0x690b5f3d7dda67422c67750dd5337c4846c01c8085dcf1bdcfd2a4a22075860e,No
0xe8dd7741ccb12350957ec71e9ee332e0d1e6ec86,2026-02-20 23:35:20,47.467,0.999,BUY,0x04c2aa2f775038f9c5e9803011b37434ae38663e1a7012239ddc344ce94dca07,No
0x30cecdf29f069563ea21b8ae94492e41e53a6b2b,2026-02-20 23:35:28,23.68,0.999,BUY,0x983d969b2a8841af29ef05caa4b783f6dbe6675d30310ecf0371f5c568a6b736,No
0x30cecdf29f069563ea21b8ae94492e41e53a6b2b,2026-02-20 23:37:58,21.28,0.999,BUY,0x31411aea8703cda12b2aad218350c402eaa3acb1f12854e3d43eb8fd713c4876,No
0xe8dd7741ccb12350957ec71e9ee332e0d1e6ec86,2026-02-20 23:38:18,1.801,0.999,BUY,0x5b39c2a67a170634b738341cf18c4fa60089a88fa789aa235ad5c1ed196f3a5e,No
0xe3726a1b9c6ba2f06585d1c9e01d00afaedaeb38,2026-02-20 23:38:54,13.21,0.001,SELL,0x0afdc384a46e365e3f281ea259eeeef6b5dc97e3ee3020c056d5db85ae26e838,Yes
0xe3726a1b9c6ba2f06585d1c9e01d00afaedaeb38,2026-02-20 23:39:36,37.28,0.001,SELL,0x0291c9881654390464c113a09f2fa1990ff462011762b6a687e1032b0791340b,Yes
0xe3726a1b9c6ba2f06585d1c9e01d00afaedaeb38,2026-02-20 23:39:38,8.41,0.001,SELL,0xe819bcaf84ce48a68ac6ca85e9f051d3d3ee2e9ff89e8da51ba2843a83fdecfd,Yes
0x30cecdf29f069563ea21b8ae94492e41e53a6b2b,2026-02-20 23:44:58,14.51,0.999,BUY,0xe3730cd89d3c0661afeac845d4a5e54b68988bf2a87e33b43f1a293253e13700,No
0xe8dd7741ccb12350957ec71e9ee332e0d1e6ec86,2026-02-20 23:49:54,4.844,0.999,BUY,0x05374b343dd6ab4d0e10711f13340b6d00f4ab6d1fb180be0b9ee103866c7234,No
0xe8dd7741ccb12350957ec71e9ee332e0d1e6ec86,2026-02-20 23:51:02,30.0,0.999,BUY,0xb3e2c2c39f7c475bc9669ae55f8edc6f3d2271e09a2b4b093e770a7bdd6a5f3d,No
0x0f2cab91569f2be9ed99c3f9f889bdc45be3b187,2026-02-20 23:51:26,1.371,0.999,BUY,0xb38d934b25881d5848106d7901c8805f69ddb4ffbe715e4fffbe37a03803649b,No
0x30cecdf29f069563ea21b8ae94492e41e53a6b2b,2026-02-20 23:51:38,10.0,0.999,BUY,0xb07afebe9a62765a89fb25dad9e5c4637ab59de21376c255db1fb19bbde9b251,No
0xe8dd7741ccb12350957ec71e9ee332e0d1e6ec86,2026-02-20 23:57:38,34.894,0.999,BUY,0xdaff0604f4d1ad6bc0f7681346cb7358f088c518de84ee1a7575ab0c7514e11b,No
0xe8dd7741ccb12350957ec71e9ee332e0d1e6ec86,2026-02-20 23:59:52,32.012,0.999,BUY,0xd334b1c477afc60568bc8b0b80b982d235d8ec2d056b5e4529530bf9e6eedcc0,No
0xa73c32db2a43718023f619767186ea95e97c070c,2026-02-21 00:00:48,171.17,0.998,SELL,0x342750341af7c47931425d8ad3bbe3677aaaad52f7a6a4a9ac7a1238353d3bf6,No
0xe8dd7741ccb12350957ec71e9ee332e0d1e6ec86,2026-02-21 00:04:36,22.432,0.999,BUY,0x805c355fb64fef3d9fe11a15ffbdc870751089782bcc4d6b26e022107ac2faa4,No
0x30cecdf29f069563ea21b8ae94492e41e53a6b2b,2026-02-21 00:06:34,6.56,0.999,BUY,0xd73dec9c5a672bb2f84a5991f8e46391e411fd03b0af0e466186a4c8876494d4,No
0x30cecdf29f069563ea21b8ae94492e41e53a6b2b,2026-02-21 00:07:48,3.45,0.999,BUY,0xc9ad987cec50eb9f7b317bd0ae90f9bfd58558f348ffa9d6c482db7cf7b834b0,No
0x30cecdf29f069563ea21b8ae94492e41e53a6b2b,2026-02-21 00:22:52,23.67,0.999,BUY,0x23452f93209f6979b0c8c08ecc29ded297e37df876b1583bac6ffcaee43bb82e,No
0x30cecdf29f069563ea21b8ae94492e41e53a6b2b,2026-02-21 00:24:22,18.55,0.999,BUY,0x2a206088b94342f901c5e1049e0eaabb06add31ca031c4826d02a8e38a465d43,No
0x30cecdf29f069563ea21b8ae94492e41e53a6b2b,2026-02-21 00:28:00,23.67,0.999,BUY,0x8b615b5200b32550d37ed429af8f74a720a9cf3d15c163aaef1cf0cd08c5f620,No
0x30cecdf29f069563ea21b8ae94492e41e53a6b2b,2026-02-21 00:29:34,23.67,0.999,BUY,0xb351596c7438c4e1c1937853f9f0a2a6eb504b38c5b12882796d6f19a6ed7ea6,No
0x30cecdf29f069563ea21b8ae94492e41e53a6b2b,2026-02-21 00:31:08,1.48,0.999,BUY,0x2da570c059cbbd93ff0112d61c3f2e5418fab1b3944794cc0c782b1c4134937b,No
0x30cecdf29f069563ea21b8ae94492e41e53a6b2b,2026-02-21 00:33:16,23.68,0.999,BUY,0xce07bd17f3af7209a7afa26711f94ccf54a0605333fcb3639e95a24c619df8b1,No
0x30cecdf29f069563ea21b8ae94492e41e53a6b2b,2026-02-21 00:34:46,11.38,0.999,BUY,0x24165783550f01ec13856f19668ee535ad4e701e82409cfbe64a86c511efcfcd,No
0x36901eb0f21519cc9055662a6d2483e96da1e16f,2026-02-21 00:36:24,50.0,0.999,BUY,0x6775cf79e422e2df1b8b8635ff80a52c89c15e5eba07225ea9d4bf8265e66db9,No
0x8f34e45fe06d6fad7d9d9d2738859a4022c02f50,2026-02-21 00:36:26,20.0,0.999,BUY,0xd9a55708c28298454f6de0ba1d0629cd1bc2cce90d077f65f84d895e7c14fc20,No
0x30cecdf29f069563ea21b8ae94492e41e53a6b2b,2026-02-21 00:36:50,22.21,0.999,BUY,0x7dcc9c1fadec9af82b6ff3497bd7601b654bb03ade5f55a1c63550fbba311cf5,No
0xe3726a1b9c6ba2f06585d1c9e01d00afaedaeb38,2026-02-21 00:37:00,34.77,0.001,SELL,0x1804781da3f793ac72a4d496bb8c63f63e20fd68c87d9c99f32c1a7b82c3cd79,Yes
0xe3726a1b9c6ba2f06585d1c9e01d00afaedaeb38,2026-02-21 00:37:32,14.72,0.001,SELL,0xc52ce11ac4e47b87abccc13512cc381d8d8fefd6eb140cde79d516c191a903cd,Yes
0x30cecdf29f069563ea21b8ae94492e41e53a6b2b,2026-02-21 00:37:40,2.24,0.999,BUY,0x5d3ee0b263936613d2ed3769367ff826ceb451971166255c02029df0ac1797e8,No
0xe3726a1b9c6ba2f06585d1c9e01d00afaedaeb38,2026-02-21 00:38:40,39.28,0.001,SELL,0x4d0b2f2259b5732d2fc26edc3d65540954e740fcbe24f60bf8c8e4727a2a4980,Yes
0xe3726a1b9c6ba2f06585d1c9e01d00afaedaeb38,2026-02-21 00:38:48,61.47,0.001,SELL,0xb14e945bc74c7cd36c85f3b1becc51a9e9e0862b7b9950320c66ab7d1c42d803,Yes
0x30cecdf29f069563ea21b8ae94492e41e53a6b2b,2026-02-21 00:39:02,23.68,0.999,BUY,0xe22637f4f6a17931e90d9be63f171b5081e783e3435331b9893c22ede7e687ac,No
0xe3726a1b9c6ba2f06585d1c9e01d00afaedaeb38,2026-02-21 00:40:08,8.86,0.001,SELL,0xc9989245ef8240a461e7a0e0129664d65345519cfdedfcc34563c776ac129cf1,Yes
0xe3726a1b9c6ba2f06585d1c9e01d00afaedaeb38,2026-02-21 00:40:20,38.86,0.001,SELL,0x3f343bc72937fa8dc3f596aa5c268b8ea82308574d07fc5b3924e0e570bbf8da,Yes
0x6586fb56a335aeb953b09b299eb181de3ffd497c,2026-02-21 00:40:30,3.85,0.999,BUY,0x3a677f7b7ff34ccd2345abaf32ddf34fe5428a3cd28377edb84ceef2e51a48b1,No
0x63d43bbb87f85af03b8f2f9e2fad7b54334fa2f1,2026-02-21 00:40:30,90.63,0.999,BUY,0x110b7c8c7e700c8f9bb2d5786a7d6661bd5dfbc2ea6291f4494b38807fe7ed2e,No
0xe3726a1b9c6ba2f06585d1c9e01d00afaedaeb38,2026-02-21 00:40:30,80.81,0.001,SELL,0x3d83cfdc3b32376d9824304c66a2b69f3875a4565bc70c0111c5df4473bc23a9,Yes
0x63d43bbb87f85af03b8f2f9e2fad7b54334fa2f1,2026-02-21 00:40:32,80.0,0.999,BUY,0xe95c7a9c46f329413ef810ec9243304ee431bdff797a354d5bd7e16021715131,No
0x63d43bbb87f85af03b8f2f9e2fad7b54334fa2f1,2026-02-21 00:40:32,150.0,0.999,BUY,0xee5924aca968ccaef41e9b858684b7f865c4bc8a75207cdf61c59c18c7ede86b,No
0xe3726a1b9c6ba2f06585d1c9e01d00afaedaeb38,2026-02-21 00:40:48,9.45,0.001,SELL,0x849496266bb47faa3db4f469af39d8c5f9256655a9cc5fa357b52e606976773a,Yes
0x5ce613d41433aa7bf1e1f9209de325127d6ade1f,2026-02-21 00:40:50,4.994,0.999,BUY,0x5a7a4d03ff644e15b30b19447b375dd23e442c9615aedd26ec8cff6127c17cd8,No
0x30cecdf29f069563ea21b8ae94492e41e53a6b2b,2026-02-21 00:41:20,8.0,0.999,BUY,0xb7ceaab6f80aefd19dbd453bacd9388f8422c24789a8bda7cec3aaa0114f36db,No
0x30cecdf29f069563ea21b8ae94492e41e53a6b2b,2026-02-21 00:43:36,23.68,0.999,BUY,0x281c01af87a2fe58b1d99fb7813934bc4f53dde870f96cd5434c122b1eeb73a0,No
0xe3726a1b9c6ba2f06585d1c9e01d00afaedaeb38,2026-02-21 00:44:08,26.06,0.001,SELL,0x675f3cfa57d6abbaa7209741798fb89106f015fdb4cc280f1451eb23def64b9d,Yes
0xe3726a1b9c6ba2f06585d1c9e01d00afaedaeb38,2026-02-21 00:44:44,10.96,0.001,SELL,0xfc55ca65c7bec85cf664305cbd5683d9a766c775662862203de82d10191795bf,Yes
0x30cecdf29f069563ea21b8ae94492e41e53a6b2b,2026-02-21 00:45:20,14.45,0.999,BUY,0x74f4a99ee62d076273a8b1d97722ca49dc2100db021993d357081a1e541ab280,No
0xe3726a1b9c6ba2f06585d1c9e01d00afaedaeb38,2026-02-21 00:49:52,6.33,0.001,SELL,0xae86987a1de7e15f4cef930fce23ac7837b8e857e1f06df11c4ec55961cd8f28,Yes
0xe3726a1b9c6ba2f06585d1c9e01d00afaedaeb38,2026-02-21 00:49:52,33.67,0.001,SELL,0xd65580068a90607aeeba630836fedb99bc80dadae60899d729c7956fb23d39b8,Yes
0xb2557788b1b2886913e034098613560e5623d12e,2026-02-21 00:49:58,134.794,0.999,BUY,0x3ce98c50de937362dcf41775af318edf1ee45f031d4684adfc14784ade7f413e,No
0xe3726a1b9c6ba2f06585d1c9e01d00afaedaeb38,2026-02-21 00:50:12,72.38,0.001,SELL,0xc18ad6f6b189f74b25c5c7427fbbbe4f2cb2b1d6025e9e906c461d649e86b68c,Yes
0xe3726a1b9c6ba2f06585d1c9e01d00afaedaeb38,2026-02-21 00:51:48,40.0,0.001,SELL,0xd740f1e809b8c3bebd11f23e2eca8bdaa1f63f71fb258da09a6709ba0b8aefd7,Yes
0x4dc583ec63e6532d43c8979699d58dbc8b6d162d,2026-02-21 00:54:54,1.201,0.999,BUY,0x2f0ef86277e0c9bd85f25e74cfd2b8c374679a5b0f64a731f086f3f2335ff356,No
0x586b1d5a265deb5e64958b05e554c04e9405c845,2026-02-21 01:03:58,291.291,0.999,BUY,0xc5fcf85aac45ac24fc1aaf8aed7c4297db1c548ed486cc907ff314ff8ed6e0f3,No
0x4db87077b326f9223a4134a58e973da4f80400ac,2026-02-21 01:09:44,27.927,0.999,BUY,0xc1ac049dabc1c6c6b2a51c34a2dab3f08f3bf8eca22cbb6d16839df7b6f92434,No
0xadae55b725046846476138e36a313a1165a8f3b0,2026-02-21 01:10:28,5.005,0.999,BUY,0x423cc2b84a2c87e9f68ac2732553aa9ccdd6c2728adff9d7b66e36e64cc44034,No
0x79955ad70c23a3fd9088f1b9a11c2efe7721cf98,2026-02-21 01:10:48,214.21,0.998,SELL,0xcb560672cb52f9aaca6fbc222c6db6baeb3457fbb4a191f7b91d46eee0e1f7ae,No
0xb3c69e15583a74d350ed203f9ab8367a947ed39c,2026-02-21 01:21:06,267.267,0.999,BUY,0x9d4c35fe67ce949ef0fc2a731d715fd7567b4f653db761fc0e2f1aa42f6d2ea9,No
0x261a61eb95a55f456c4fe4ae52c654382ce67fd1,2026-02-21 01:21:28,6.006,0.999,BUY,0x30391ee22ca2371a483e6626cea86ea1e77c4e111d2aa5f0d604369b93dc1720,No
0x30cecdf29f069563ea21b8ae94492e41e53a6b2b,2026-02-21 01:23:46,10.0,0.999,BUY,0x8514d461c7802acd114332534520e7890d0ca68633183405403f0b51ea841390,No
0x93bb58da92084d8b115d4868bec2867bf768d230,2026-02-21 01:48:42,293.0,0.998,SELL,0x93b6998334549c6f2428bf49b0c50bd9de6fb866ebd8a5536d145bb4ff512482,No
0xe8dd7741ccb12350957ec71e9ee332e0d1e6ec86,2026-02-21 01:51:18,40.21,0.999,BUY,0xbfe4a95f815eacada7373e7765cfa33b7ef8058290fdaf757bfc88bf0281223d,No
0xe8dd7741ccb12350957ec71e9ee332e0d1e6ec86,2026-02-21 01:51:20,29.799,0.999,BUY,0xe10072c5619324b850e442d1087a66fc890793427e68459fb26097355e72ce82,No
0xe8dd7741ccb12350957ec71e9ee332e0d1e6ec86,2026-02-21 01:52:48,213.623,0.999,BUY,0x6713d77e49008364a39229c6836330a8f96855f20f65793ac1a68ee413042e44,No
0xe8dd7741ccb12350957ec71e9ee332e0d1e6ec86,2026-02-21 01:52:48,45.005,0.999,BUY,0x5bbaff0f17609d3d9a3b334f63158bfd83112fb890665f350b61cb5ebdde3bf5,No
0x30cecdf29f069563ea21b8ae94492e41e53a6b2b,2026-02-21 01:59:44,12.0,0.999,BUY,0x7f502e1b9de2e1dcc38ecd4e5f658d9ad44eed6c132d1c0b0ef64556aa506ce1,No
0xe8dd7741ccb12350957ec71e9ee332e0d1e6ec86,2026-02-21 02:04:58,102.682,0.999,BUY,0x319e91bba4001973d7f6f6df8b039309d4f08342661cdff2bd18eb644d8b1844,No
0xe8dd7741ccb12350957ec71e9ee332e0d1e6ec86,2026-02-21 02:04:58,119.609,0.999,BUY,0xa4b2105b9f20022ecb284dc60989aa28af94e5f11e12feed1d30313b0a96bc21,No
0xb6fa57039ea79185895500dbd0067c288594abcf,2026-02-21 02:04:58,10.0,0.999,BUY,0x7b1dfd414bacd015c8410c803e260cc91b3d27b7617a12a7b505bcd11396d53d,No
0xe8dd7741ccb12350957ec71e9ee332e0d1e6ec86,2026-02-21 02:04:58,36.346,0.999,BUY,0xd2e8c3d2e98c12203ce50ce70ff87f1dbe5511b0e013bbf331c601444a205d25,No
0x63d43bbb87f85af03b8f2f9e2fad7b54334fa2f1,2026-02-21 02:05:00,151.68,0.999,BUY,0x484c95acf870c07b50d777ed5910fdb740a67ac6c6e1354072f8c53576860a6c,No
0x63d43bbb87f85af03b8f2f9e2fad7b54334fa2f1,2026-02-21 02:05:00,60.0,0.999,BUY,0xdbe4a39585dd8174784b2212b6618fa0d605c509088c3c4650f8a922b93d9f74,No
0x63d43bbb87f85af03b8f2f9e2fad7b54334fa2f1,2026-02-21 02:05:00,50.0,0.999,BUY,0x642d3d45937161790b57a0c72441bffc8e97938b7d4546d8f81f989d82ea89c1,No
0x061d42892935c2d96e618830b3c93e6e467e0dd3,2026-02-21 02:05:38,10.0,0.999,BUY,0x82f2a9080dafc0187c2bd9b6e2deadcdcadf7d3a25a4044bf93843b5d25d4b22,No
0x8f34e45fe06d6fad7d9d9d2738859a4022c02f50,2026-02-21 02:05:38,20.0,0.999,BUY,0x4823ca1306e3203e5e6d2788cd79b49d4698cac2d196973fb779fe422cb9f8b8,No
0x36901eb0f21519cc9055662a6d2483e96da1e16f,2026-02-21 02:05:38,50.0,0.999,BUY,0xe85add3f61b484602fe8928169f70c9c8dfd772752fcced537a91d824a26917f,No
0x9be90ea78bff3f81f3564a11d5e12b2a0783c030,2026-02-21 02:05:38,10.0,0.999,BUY,0x336f3d127d79ce6c6c9c1e019145714386c7c0cdfb829474af6e69ae575a1686,No
0x30cecdf29f069563ea21b8ae94492e41e53a6b2b,2026-02-21 02:26:22,11.0,0.999,BUY,0x8f26461153269bd3ccfd0e77af18af8991991a10a81d741ed2e0bf66a7ca73bb,No
0x78699b15b61f2fae90733764707faf1d1061a510,2026-02-21 02:38:58,41.041,0.999,BUY,0x6627c4e37f88583068c9f06f9fd865a98404b9d84f7e25c3fbb62f525738e66f,No
0x30cecdf29f069563ea21b8ae94492e41e53a6b2b,2026-02-21 02:43:46,9.99,0.999,BUY,0xe9e675e83d25e11b177707ef91df0eb4370e1a432dbd0ea11ad224b42d525729,No
0xe8dd7741ccb12350957ec71e9ee332e0d1e6ec86,2026-02-21 02:52:52,43.883,0.999,BUY,0xdeb5735c8e5b6ef2d199b6a8198610be7b5990060cd47a9758cacf24538edec8,No
0xe8dd7741ccb12350957ec71e9ee332e0d1e6ec86,2026-02-21 02:54:16,30.0,0.999,BUY,0xe14ee40b2b59d972299a73f38d008260d4b2278e6c914ec3994bd49711dd38a3,No
0x6d0f607f12a387fc0eccd453b763f2d137ddb2b8,2026-02-21 02:59:24,1783.24,0.998,SELL,0x354b9674d369d6b386b249285c96e90642410d8b74d8c3ffc0e9c3c779a2dbe7,No
0x0a3394d468f7e0eb788a7c403add2ac691925f99,2026-02-21 03:14:20,199.199,0.999,BUY,0x8eacee4b9c18d431ea6690bbf46f2e1c373d8b76aa39a46f3a452d30267731af,No
0xb2557788b1b2886913e034098613560e5623d12e,2026-02-21 03:20:16,134.79,0.998,SELL,0xab5aad4da9a205d22ba38eb4b26dbe9b488e6660cf345878b135538ed58327bc,No
0xfae21768ad79495a55d793d34645af45bb6cf314,2026-02-21 03:27:12,234.234,0.999,BUY,0xa990981c6c2d447650f6452a7c6f24e6603ca1d78803f75f8df4cd7538a22b68,No
0x8cf03cefa3b03e1c63719e36cac1073de8b907ec,2026-02-21 03:27:14,113.11,0.998,SELL,0x851e204986e3c530e1dc6bb7c0ec5f851317862a3a7705f12018148064eba770,No
0xa63c7380584f53eb120d1874adf778865f8be4b3,2026-02-21 03:30:12,269.26,0.998,SELL,0xa3484454dfbd1e973ff3f2bc45f2f5d6674e9173df5fd391870097bd2530e968,No
0x4db87077b326f9223a4134a58e973da4f80400ac,2026-02-21 03:35:28,27.92,0.998,SELL,0xdc1cf436379bb1c4c92c915a149d12d64f257c2d7279676a9edcfef15afe40cb,No
0xf60c430f5450683fb295260812515043c3bc432f,2026-02-21 03:36:02,217.217,0.999,BUY,0xf4f8dab46c7896eafb9f02cb75642a95303a39feb48570cfef02acf1c6237c42,No
0x349f4bf4a07e5627273d2aae140bfefd7e5c897f,2026-02-21 03:49:40,57.057,0.999,BUY,0x78da43fd0f4656298562294efe2ef4c77e32f61c49c0f0a13170416630735946,No
0xe8dd7741ccb12350957ec71e9ee332e0d1e6ec86,2026-02-21 03:57:48,30.0,0.999,BUY,0x8fd2b2841ab93b1d0dff35e4798bfb57ba4a80f4466abed4e1592dcf3862c0b6,No
0x30cecdf29f069563ea21b8ae94492e41e53a6b2b,2026-02-21 04:00:58,17.98,0.999,BUY,0xc2f22f994e59fbbae6dc303ba2d8fcbfa1a073209aa95698152671f1dbab02ac,No
0xe8dd7741ccb12350957ec71e9ee332e0d1e6ec86,2026-02-21 04:00:58,47.637,0.999,BUY,0xc3c1901c8e2561a3a3dd092d8af81c123791ed625a1297091be60e092a8753d0,No
0x30cecdf29f069563ea21b8ae94492e41e53a6b2b,2026-02-21 04:01:40,1.81,0.999,BUY,0xbc545393ee2c2e41d0d6a599cc7514db9d7667536bb21acfc542775d0d346d18,No
0x5ce613d41433aa7bf1e1f9209de325127d6ade1f,2026-02-21 04:05:24,4.99,0.998,SELL,0xa477e28d3425f1c27c5703ab80df69510a7e07010ef57898f2dc1bf1ec928404,No
0xe3726a1b9c6ba2f06585d1c9e01d00afaedaeb38,2026-02-21 04:05:48,10.86,0.001,SELL,0x461031f525511888ccba923553489536ea3e33408b3f8a0738ae826064858e65,Yes
0xe3726a1b9c6ba2f06585d1c9e01d00afaedaeb38,2026-02-21 04:06:10,7.82,0.001,SELL,0x67043ad3be80868a56253992e85c85f02e730b1a1a235452644d7c79534a26cb,Yes
0x3feb5e362a6a83cbdc45fc577104f5c1c0663501,2026-02-21 04:09:58,236.236,0.999,BUY,0xedb493a5136ee9dac6d9b5eddd1aa907483668be27874904335db1cd2bed0293,No
0x4b3eef72b07298ca04bbe4f87d2c38a4ff36dd5d,2026-02-21 04:10:48,569.3,0.002,BUY,0x4704239c5a587a2b344152375f2cd0cbd582c1d94cdc1ee1c87a424a76a348b3,Yes
0xeea3d5e54727fca2d928e2c2efac0d58ad53b990,2026-02-21 04:10:54,11.85,0.999,BUY,0x94ea71a760d59daa8da44a8e92ea51a49e7561ce9c96c11e4539bba2cbd60805,No
0xc020acae8e73e4e2afeddbd6cfedd3fac24a185d,2026-02-21 04:10:54,648.51,0.002,BUY,0x5aa93fd56105afc00acf06353be9de628b98c06f4f800ffd47c2318b42b8277f,Yes
0x30cecdf29f069563ea21b8ae94492e41e53a6b2b,2026-02-21 04:10:56,10.32,0.999,BUY,0x6a6926b11ff9a0b66ab51a4f919c443edac88f467f611d6c8990672aaad92fa5,No
0xe9acd68a86805522bd240ef631e27727513b51d6,2026-02-21 04:11:26,688.11,0.002,BUY,0xa1e8fb528efe33bfb8ffcd9f76be482aab1316eef6de8d2a9a4f2737f0c2942d,Yes
0xe799fdb7775e3cc5acf1e6104ae9084297a8e6d1,2026-02-21 04:11:34,14.67,0.999,BUY,0x4c937fe5f8175b5b0a77539dc87848d46ad3b32d396087a246f5f393e9ca6493,No
0x30cecdf29f069563ea21b8ae94492e41e53a6b2b,2026-02-21 04:11:36,3.81,0.999,BUY,0xb0af40899fd20ee87231930e5daad1f83da60a0ca4a4440545eadd9d0b125b4f,No
0x97afbae3036f425afab48aae2fa2e9dff7845656,2026-02-21 04:11:44,11.79,0.999,BUY,0x464ba793ff478135b1df670f1d4272f2aca481988ba97142e8d267368af9f48c,No
0x30cecdf29f069563ea21b8ae94492e41e53a6b2b,2026-02-21 04:13:40,23.73,0.999,BUY,0x6795653e95751e2962a6da3265fae206a20bc170d74d731c25a4193406800fb3,No
0xe8dd7741ccb12350957ec71e9ee332e0d1e6ec86,2026-02-21 04:14:24,29.409,0.999,BUY,0x841aa81865de4e5d53f746c595e79b0d0adcda3cac5feefaed2772150a3a4e94,No
0x9386a0c547c844124138e2150e2baceb3b1d1eb6,2026-02-21 04:20:24,225.225,0.999,BUY,0xd2e9894b9d65c6e84bc0b6bc892c25ea945e012741b68d80b69329528581d13b,No
0xa53e7c8102c33cdf336ff16370427ff075f65cd9,2026-02-21 04:22:08,12.0,0.998,SELL,0x0f5d139284efdf07d8f24fcb285813401ed60b26dbc9f3a48b9ce10bcffdd067,No
0xe8dd7741ccb12350957ec71e9ee332e0d1e6ec86,2026-02-21 04:25:04,180.0,0.999,BUY,0x9a999da01cfe7199343484f41be11d2177c15002993a1b1d5cc293586c91f007,No
0x090af6fd2aeb04202abc97370aa86c1b81d90fa6,2026-02-21 04:25:06,100.0,0.999,BUY,0x10de7a27f23f6f9225454084ac76e26b5ae2ee95910733bf9fca1ca4ee19c24d,No
0x63d43bbb87f85af03b8f2f9e2fad7b54334fa2f1,2026-02-21 04:25:28,29.67,0.999,BUY,0xaa85e06ec57dd79d9b21ae1438ce094cdd85390c1ad15c60e56d0887168fc496,No
0xe8dd7741ccb12350957ec71e9ee332e0d1e6ec86,2026-02-21 04:25:28,29.679,0.999,BUY,0xc2c9dc0f7392b44b515b3303217843bb27fe777ba6b05c3f6bf3d3ec891a954c,No
0xe3726a1b9c6ba2f06585d1c9e01d00afaedaeb38,2026-02-21 04:25:28,41.47,0.001,SELL,0x9ec839f94abf2b177e574d19633c1da66f87af7a391cd970b99ce5b882edd7d2,Yes
0x30cecdf29f069563ea21b8ae94492e41e53a6b2b,2026-02-21 04:25:44,5.98,0.999,BUY,0x3853ff59d3e780033f343e1a2238efc39f1f7c4152d145686b2dc01ac8384045,No
0x30cecdf29f069563ea21b8ae94492e41e53a6b2b,2026-02-21 04:26:24,11.85,0.999,BUY,0x42282a14b61adcdab5b5683d5027ac616f04a9bb4b0047f436f6d4cdd7aadaa3,No
0xe8dd7741ccb12350957ec71e9ee332e0d1e6ec86,2026-02-21 04:29:00,33.203,0.999,BUY,0xdc2c06eda9629e0d9cf95b5827014878ef71342cab499304bb1e30daa94f003c,No
0x30cecdf29f069563ea21b8ae94492e41e53a6b2b,2026-02-21 04:30:30,1.31,0.999,BUY,0x8c4f60a34d6a31ba9dec7ce71e0c48b777311167646d71410c363b20b0a39ee9,No
0xe8dd7741ccb12350957ec71e9ee332e0d1e6ec86,2026-02-21 04:30:48,44.314,0.999,BUY,0x861826e38ec59c922d676f3e113ce8f904aea8c277e811508f0da0a3a6acbfad,No
0x30cecdf29f069563ea21b8ae94492e41e53a6b2b,2026-02-21 04:33:18,10.0,0.999,BUY,0xbbb95812718dc1f7e85f0d45e740cd5f9cb11c2442a07de4e77858b69dd44d2b,No
0xe8dd7741ccb12350957ec71e9ee332e0d1e6ec86,2026-02-21 04:34:50,13.853,0.999,BUY,0x9dfd0a50c22c840cdabf86157428ac7441d7dceef53f44acce2cc1b0a853357d,No
0x30cecdf29f069563ea21b8ae94492e41e53a6b2b,2026-02-21 04:35:30,23.74,0.999,BUY,0x118fa4a1c939fe6198250ee4921667cc2dee483c4b64de6d035d2d83245dc8df,No
0xe8dd7741ccb12350957ec71e9ee332e0d1e6ec86,2026-02-21 04:35:48,48.018,0.999,BUY,0x1802f6d607a20d8e78fe55939e522ef8c22fa34b6050967f9c470f129da0e89a,No
0xe8dd7741ccb12350957ec71e9ee332e0d1e6ec86,2026-02-21 04:38:24,3.813,0.999,BUY,0xa5428b5ae32b4b75e34c095f76db6a9ab888d77295a6b620e397cadb0c6837fb,No
0x30cecdf29f069563ea21b8ae94492e41e53a6b2b,2026-02-21 04:38:40,3.07,0.999,BUY,0x00f1fe3ef6bc2e5c5b1dde275f4ad70b90397a30c3a8ab3322db23751eba411f,No
0x30cecdf29f069563ea21b8ae94492e41e53a6b2b,2026-02-21 04:40:56,7.5,0.999,BUY,0x9e7cfcef190e035fe10ede03fcabd14edb19bc0c91f63ab128a8b88c1300548f,No
0x30cecdf29f069563ea21b8ae94492e41e53a6b2b,2026-02-21 04:43:22,10.53,0.999,BUY,0xb0ed64763e82dcb3a4d485dc0892029a34c0689e2ffb79fd54a96e636e0568af,No
0xfa6d265cd1b16bc0ec5605a45840588c536cc2b0,2026-02-21 04:45:32,36.31,0.999,BUY,0x4dc5296f4e20b89ff7e6f99cabaca3d58c9fa9e9ca9663b31cbaf5cdf3b67da9,No
0xa2c8cd9ecc3e4c63fe5bc0cbe5fa983fa57d9ae7,2026-02-21 04:45:36,643.56,0.002,BUY,0x5bf3b3dd14cdde48441b38c9fc03e4197906ff835ee6145e73d6b2f6ac38bee9,Yes
0x52af7a67372422c5c78d7decdd465a09d0a565cb,2026-02-21 04:45:42,50.92,0.999,BUY,0x9212e393d320de44355ac938116edbecd9b4196110490cd728dad1bee0078e47,No
0xc1ff0721be94d8353e422b72ea38b4d56fe525f1,2026-02-21 04:46:46,300.0,0.001,SELL,0x8233c44a28c1be6d4c0718daf44fccc331eb65099605bb8caf5c4706f6ff8ed1,Yes
0x1b2463d6a8e4ebc70d4464552f6bb802c26f456e,2026-02-21 04:48:12,554.45,0.002,BUY,0xd74658252b101e1553d42a5ff11403895dc3ddcd2561de19483fea9dfed6f92c,Yes
0x9c756f105e0619d22183e478a7fb909f1f5c8085,2026-02-21 05:19:10,225.225,0.999,BUY,0xf8839bd338040b75c63c824915fb51ced02de67be867d152ef158b8339cad55e,No
0x401be142b64810b5c9558eadd63e35c4207f8517,2026-02-21 05:24:02,338.33,0.998,SELL,0xf41ce7ed8f89c23fa20b2fab95a8cfbbebeb614eafc64215ab581aa6966a6477,No
0xb4dc70c97162863f643f710ec2607a6efeb2585e,2026-02-21 05:34:44,122.962,0.999,BUY,0x0b0ac9d523cdd311fae3da968a2ab99a93875f635465384731784b78e24ad5f5,No
